datetime,close,log_close,hourly_high,hourly_low
2025-09-08 14:28:00+00:00,112247.01,11.628457168278684,112782.74,112234.0
2025-09-08 14:29:00+00:00,112262.0,11.628590704122276,112782.74,112234.0
2025-09-08 14:30:00+00:00,112276.17,11.628716918743326,112782.74,112234.0
2025-09-08 14:31:00+00:00,112339.0,11.629276364497935,112782.74,112234.0
2025-09-08 14:32:00+00:00,112350.0,11.629374277613476,112782.74,112234.0
2025-09-08 14:33:00+00:00,112445.84,11.630226962483505,112782.74,112234.0
2025-09-08 14:34:00+00:00,112638.63,11.631940008675858,112782.74,112234.0
2025-09-08 14:35:00+00:00,112680.0,11.63230722199031,112782.74,112234.0
2025-09-08 14:36:00+00:00,112755.0,11.632972602279679,112782.74,112234.0
2025-09-08 14:37:00+00:00,112623.0,11.631801236706348,112782.74,112234.0
2025-09-08 14:38:00+00:00,112646.05,11.632005880886988,112782.74,112234.0
2025-09-08 14:39:00+00:00,112695.0,11.63244033347137,112782.74,112234.0
2025-09-08 14:40:00+00:00,112749.18,11.632920984611205,112782.74,112234.0
2025-09-08 14:41:00+00:00,112657.2001,11.63210485948587,112782.74,112234.0
2025-09-08 14:42:00+00:00,112645.51,11.632001087098885,112782.74,112234.0
2025-09-08 14:43:00+00:00,112516.33,11.63085364564812,112782.74,112234.0
2025-09-08 14:44:00+00:00,112592.03,11.631526210655066,112782.74,112234.0
2025-09-08 14:45:00+00:00,112595.43,11.631556407718438,112782.74,112234.0
2025-09-08 14:46:00+00:00,112623.89,11.631809139146199,112782.74,112234.0
2025-09-08 14:47:00+00:00,112571.56,11.631344387296712,112782.74,112234.0
2025-09-08 14:48:00+00:00,112569.0,11.631321645947928,112782.74,112234.0
2025-09-08 14:49:00+00:00,112555.89,11.631205177262348,112782.74,112234.0
2025-09-08 14:50:00+00:00,112555.02,11.631197447739154,112782.74,112234.0
2025-09-08 14:51:00+00:00,112549.01,11.631144050205567,112782.74,112234.0
2025-09-08 14:52:00+00:00,112505.36,11.630756143936097,112782.74,112234.0
2025-09-08 14:53:00+00:00,112486.31,11.63058680433303,112782.74,112234.0
2025-09-08 14:54:00+00:00,112467.37,11.630418414111142,112782.74,112234.0
2025-09-08 14:55:00+00:00,112470.29,11.630444376860112,112782.74,112234.0
2025-09-08 14:56:00+00:00,112595.67,11.631558539241398,112782.74,112234.0
2025-09-08 14:57:00+00:00,112647.0,11.63201431434732,112782.74,112234.0
2025-09-08 14:58:00+00:00,112624.98,11.631818817330156,112782.74,112234.0
2025-09-08 14:59:00+00:00,112640.2,11.631953946958475,112782.74,112234.0
2025-09-08 15:00:00+00:00,112608.32,11.63167088183367,112940.84,112536.74
2025-09-08 15:01:00+00:00,112673.17,11.632246606024692,112940.84,112536.74
2025-09-08 15:02:00+00:00,112663.3,11.632159003693776,112940.84,112536.74
2025-09-08 15:03:00+00:00,112673.57,11.63225015610933,112940.84,112536.74
2025-09-08 15:04:00+00:00,112698.91,11.632475028286331,112940.84,112536.74
2025-09-08 15:05:00+00:00,112666.8,11.6321900692283,112940.84,112536.74
2025-09-08 15:06:00+00:00,112683.18,11.632335443104337,112940.84,112536.74
2025-09-08 15:07:00+00:00,112645.4,11.632000110583677,112940.84,112536.74
2025-09-08 15:08:00+00:00,112615.92,11.631738370128916,112940.84,112536.74
2025-09-08 15:09:00+00:00,112631.56,11.631877239607281,112940.84,112536.74
2025-09-08 15:10:00+00:00,112653.0,11.632067576664243,112940.84,112536.74
2025-09-08 15:11:00+00:00,112711.03,11.632582565691397,112940.84,112536.74
2025-09-08 15:12:00+00:00,112703.57,11.632516376544794,112940.84,112536.74
2025-09-08 15:13:00+00:00,112662.5,11.632151902864665,112940.84,112536.74
2025-09-08 15:14:00+00:00,112714.97,11.632617521730188,112940.84,112536.74
2025-09-08 15:15:00+00:00,112762.9,11.633042663237175,112940.84,112536.74
2025-09-08 15:16:00+00:00,112646.0,11.632005437018686,112940.84,112536.74
2025-09-08 15:17:00+00:00,112663.38,11.632159713773914,112940.84,112536.74
2025-09-08 15:18:00+00:00,112728.34,11.632736132479966,112940.84,112536.74
2025-09-08 15:19:00+00:00,112820.63,11.633554491394667,112940.84,112536.74
2025-09-08 15:20:00+00:00,112819.77,11.63354686864626,112940.84,112536.74
2025-09-08 15:21:00+00:00,112807.0,11.633433672858244,112940.84,112536.74
2025-09-08 15:22:00+00:00,112871.21,11.634002713189897,112940.84,112536.74
2025-09-08 15:23:00+00:00,112906.44,11.634314790140703,112940.84,112536.74
2025-09-08 15:24:00+00:00,112865.24,11.633949819649652,112940.84,112536.74
2025-09-08 15:25:00+00:00,112815.0,11.633504587928613,112940.84,112536.74
2025-09-08 15:26:00+00:00,112787.68,11.633262392223017,112940.84,112536.74
2025-09-08 15:27:00+00:00,112780.0,11.633194297361173,112940.84,112536.74
2025-09-08 15:28:00+00:00,112815.9,11.633512565559336,112940.84,112536.74
2025-09-08 15:29:00+00:00,112842.64,11.633749560801132,112940.84,112536.74
2025-09-08 15:30:00+00:00,112806.15,11.63342613783646,112940.84,112536.74
2025-09-08 15:31:00+00:00,112801.44,11.633384383922058,112940.84,112536.74
2025-09-08 15:32:00+00:00,112794.0,11.633318425142017,112940.84,112536.74
2025-09-08 15:33:00+00:00,112785.99,11.633247408204713,112940.84,112536.74
2025-09-08 15:34:00+00:00,112778.29,11.633179134983413,112940.84,112536.74
2025-09-08 15:35:00+00:00,112690.0,11.632395964946395,112940.84,112536.74
2025-09-08 15:36:00+00:00,112659.11,11.632121812541769,112940.84,112536.74
2025-09-08 15:37:00+00:00,112629.0,11.631854510373188,112940.84,112536.74
2025-09-08 15:38:00+00:00,112622.65,11.631798128988175,112940.84,112536.74
2025-09-08 15:39:00+00:00,112647.32,11.632017155075838,112940.84,112536.74
2025-09-08 15:40:00+00:00,112628.0,11.6318456316258,112940.84,112536.74
2025-09-08 15:41:00+00:00,112635.94,11.631916126708177,112940.84,112536.74
2025-09-08 15:42:00+00:00,112604.0,11.63163251803545,112940.84,112536.74
2025-09-08 15:43:00+00:00,112599.0,11.631588113653619,112940.84,112536.74
2025-09-08 15:44:00+00:00,112650.0,11.63204094586039,112940.84,112536.74
2025-09-08 15:45:00+00:00,112605.85,11.631648947157002,112940.84,112536.74
2025-09-08 15:46:00+00:00,112603.0,11.631623637316823,112940.84,112536.74
2025-09-08 15:47:00+00:00,112584.0,11.631454888676403,112940.84,112536.74
2025-09-08 15:48:00+00:00,112590.87,11.631515907918933,112940.84,112536.74
2025-09-08 15:49:00+00:00,112615.45,11.631734196642782,112940.84,112536.74
2025-09-08 15:50:00+00:00,112570.65,11.63133630351713,112940.84,112536.74
2025-09-08 15:51:00+00:00,112576.67,11.631389779614484,112940.84,112536.74
2025-09-08 15:52:00+00:00,112544.0,11.631099535273709,112940.84,112536.74
2025-09-08 15:53:00+00:00,112572.45,11.631352293347598,112940.84,112536.74
2025-09-08 15:54:00+00:00,112627.71,11.631843056774313,112940.84,112536.74
2025-09-08 15:55:00+00:00,112561.55,11.631255462127006,112940.84,112536.74
2025-09-08 15:56:00+00:00,112543.82,11.631097935897964,112940.84,112536.74
2025-09-08 15:57:00+00:00,112591.51,11.63152159220027,112940.84,112536.74
2025-09-08 15:58:00+00:00,112595.6,11.63155791754767,112940.84,112536.74
2025-09-08 15:59:00+00:00,112639.23,11.631945335431004,112940.84,112536.74
2025-09-08 16:00:00+00:00,112640.79,11.631959184861593,112686.01,112313.53
2025-09-08 16:01:00+00:00,112593.51,11.631539355371196,112686.01,112313.53
2025-09-08 16:02:00+00:00,112579.91,11.631418559586182,112686.01,112313.53
2025-09-08 16:03:00+00:00,112577.02,11.631392888601948,112686.01,112313.53
2025-09-08 16:04:00+00:00,112583.0,11.631446006380152,112686.01,112313.53
2025-09-08 16:05:00+00:00,112533.99,11.63101058832686,112686.01,112313.53
2025-09-08 16:06:00+00:00,112514.0,11.630832937328488,112686.01,112313.53
2025-09-08 16:07:00+00:00,112555.3,11.631199935408311,112686.01,112313.53
2025-09-08 16:08:00+00:00,112536.0,11.631028449437531,112686.01,112313.53
2025-09-08 16:09:00+00:00,112453.0,11.630290635555385,112686.01,112313.53
2025-09-08 16:10:00+00:00,112433.0,11.630112767657403,112686.01,112313.53
2025-09-08 16:11:00+00:00,112482.0,11.630548487825246,112686.01,112313.53
2025-09-08 16:12:00+00:00,112443.39,11.630205173979004,112686.01,112313.53
2025-09-08 16:13:00+00:00,112441.27,11.630186319869523,112686.01,112313.53
2025-09-08 16:14:00+00:00,112424.08,11.630033428372158,112686.01,112313.53
2025-09-08 16:15:00+00:00,112387.16,11.629704975040983,112686.01,112313.53
2025-09-08 16:16:00+00:00,112369.4,11.629546937384267,112686.01,112313.53
2025-09-08 16:17:00+00:00,112327.44,11.629173456382151,112686.01,112313.53
2025-09-08 16:18:00+00:00,112378.33,11.629626404260348,112686.01,112313.53
2025-09-08 16:19:00+00:00,112393.52,11.629761563534279,112686.01,112313.53
2025-09-08 16:20:00+00:00,112340.0,11.629285266086423,112686.01,112313.53
2025-09-08 16:21:00+00:00,112414.0,11.629943763845521,112686.01,112313.53
2025-09-08 16:22:00+00:00,112407.25,11.629883716140936,112686.01,112313.53
2025-09-08 16:23:00+00:00,112424.49,11.630037075271048,112686.01,112313.53
2025-09-08 16:24:00+00:00,112417.7,11.629976677353715,112686.01,112313.53
2025-09-08 16:25:00+00:00,112517.01,11.630859689197043,112686.01,112313.53
2025-09-08 16:26:00+00:00,112616.7,11.631745296301512,112686.01,112313.53
2025-09-08 16:27:00+00:00,112598.03,11.631579498975176,112686.01,112313.53
2025-09-08 16:28:00+00:00,112624.3,11.631812779575009,112686.01,112313.53
2025-09-08 16:29:00+00:00,112651.87,11.632057545811382,112686.01,112313.53
2025-09-08 16:30:00+00:00,112645.43,11.6320003769061,112686.01,112313.53
2025-09-08 16:31:00+00:00,112579.0,11.631410476406174,112686.01,112313.53
2025-09-08 16:32:00+00:00,112541.0,11.63107287867731,112686.01,112313.53
2025-09-08 16:33:00+00:00,112557.02,11.631215216668796,112686.01,112313.53
2025-09-08 16:34:00+00:00,112573.0,11.631357179078135,112686.01,112313.53
2025-09-08 16:35:00+00:00,112560.0,11.63124169178827,112686.01,112313.53
2025-09-08 16:36:00+00:00,112479.0,11.630521816535554,112686.01,112313.53
2025-09-08 16:37:00+00:00,112367.71,11.629531897589548,112686.01,112313.53
2025-09-08 16:38:00+00:00,112357.22,11.629438539011062,112686.01,112313.53
2025-09-08 16:39:00+00:00,112342.0,11.62930306902569,112686.01,112313.53
2025-09-08 16:40:00+00:00,112370.8,11.629559396214507,112686.01,112313.53
2025-09-08 16:41:00+00:00,112377.53,11.629619285424825,112686.01,112313.53
2025-09-08 16:42:00+00:00,112433.46,11.630116858974533,112686.01,112313.53
2025-09-08 16:43:00+00:00,112495.33,11.630666988653891,112686.01,112313.53
2025-09-08 16:44:00+00:00,112490.37,11.630622896962723,112686.01,112313.53
2025-09-08 16:45:00+00:00,112410.0,11.629908180455843,112686.01,112313.53
2025-09-08 16:46:00+00:00,112369.0,11.629543377689973,112686.01,112313.53
2025-09-08 16:47:00+00:00,112334.25,11.629234080870484,112686.01,112313.53
2025-09-08 16:48:00+00:00,112350.0,11.629374277613476,112686.01,112313.53
2025-09-08 16:49:00+00:00,112362.14,11.629482326960625,112686.01,112313.53
2025-09-08 16:50:00+00:00,112367.61,11.629531007653778,112686.01,112313.53
2025-09-08 16:51:00+00:00,112368.37,11.629537771145765,112686.01,112313.53
2025-09-08 16:52:00+00:00,112360.85,11.629470846159306,112686.01,112313.53
2025-09-08 16:53:00+00:00,112416.45,11.62996555804644,112686.01,112313.53
2025-09-08 16:54:00+00:00,112446.11,11.630229363636593,112686.01,112313.53
2025-09-08 16:55:00+00:00,112452.46,11.630285833537684,112686.01,112313.53
2025-09-08 16:56:00+00:00,112474.07,11.630477985171076,112686.01,112313.53
2025-09-08 16:57:00+00:00,112465.34,11.630400364268592,112686.01,112313.53
2025-09-08 16:58:00+00:00,112400.05,11.629819661281486,112686.01,112313.53
2025-09-08 16:59:00+00:00,112397.0,11.629792525694073,112686.01,112313.53
2025-09-08 17:00:00+00:00,112408.24,11.629892523363251,112563.11,112084.74
2025-09-08 17:01:00+00:00,112336.0,11.629249659257031,112563.11,112084.74
2025-09-08 17:02:00+00:00,112386.48,11.629698924509434,112563.11,112084.74
2025-09-08 17:03:00+00:00,112349.99,11.629374188605906,112563.11,112084.74
2025-09-08 17:04:00+00:00,112334.0,11.62923185536688,112563.11,112084.74
2025-09-08 17:05:00+00:00,112297.0,11.628902426211202,112563.11,112084.74
2025-09-08 17:06:00+00:00,112254.5,11.628523893887815,112563.11,112084.74
2025-09-08 17:07:00+00:00,112271.94,11.62867924307551,112563.11,112084.74
2025-09-08 17:08:00+00:00,112290.54,11.628844898531778,112563.11,112084.74
2025-09-08 17:09:00+00:00,112286.03,11.628804734056912,112563.11,112084.74
2025-09-08 17:10:00+00:00,112370.0,11.629552276901949,112563.11,112084.74
2025-09-08 17:11:00+00:00,112331.84,11.62921262680948,112563.11,112084.74
2025-09-08 17:12:00+00:00,112375.01,11.629596860761682,112563.11,112084.74
2025-09-08 17:13:00+00:00,112349.48,11.62936964920935,112563.11,112084.74
2025-09-08 17:14:00+00:00,112346.82,11.629345972807023,112563.11,112084.74
2025-09-08 17:15:00+00:00,112416.88,11.629969383102093,112563.11,112084.74
2025-09-08 17:16:00+00:00,112402.33,11.62983994576424,112563.11,112084.74
2025-09-08 17:17:00+00:00,112406.49,11.62987695498835,112563.11,112084.74
2025-09-08 17:18:00+00:00,112444.22,11.630212555443906,112563.11,112084.74
2025-09-08 17:19:00+00:00,112417.35,11.629973563960142,112563.11,112084.74
2025-09-08 17:20:00+00:00,112471.23,11.630452734587934,112563.11,112084.74
2025-09-08 17:21:00+00:00,112464.07,11.63038907183689,112563.11,112084.74
2025-09-08 17:22:00+00:00,112529.0,11.630966245185407,112563.11,112084.74
2025-09-08 17:23:00+00:00,112531.73,11.630990505303998,112563.11,112084.74
2025-09-08 17:24:00+00:00,112550.74,11.631159421168883,112563.11,112084.74
2025-09-08 17:25:00+00:00,112520.74,11.63089283919077,112563.11,112084.74
2025-09-08 17:26:00+00:00,112495.56,11.630669033181116,112563.11,112084.74
2025-09-08 17:27:00+00:00,112513.09,11.630824849413385,112563.11,112084.74
2025-09-08 17:28:00+00:00,112542.41,11.63108540736612,112563.11,112084.74
2025-09-08 17:29:00+00:00,112536.7,11.631034669649935,112563.11,112084.74
2025-09-08 17:30:00+00:00,112466.98,11.630414946432683,112563.11,112084.74
2025-09-08 17:31:00+00:00,112472.12,11.630460647691388,112563.11,112084.74
2025-09-08 17:32:00+00:00,112442.99,11.630201616627065,112563.11,112084.74
2025-09-08 17:33:00+00:00,112432.02,11.630104051317263,112563.11,112084.74
2025-09-08 17:34:00+00:00,112450.0,11.630263957387461,112563.11,112084.74
2025-09-08 17:35:00+00:00,112462.36,11.630373866865202,112563.11,112084.74
2025-09-08 17:36:00+00:00,112432.9,11.63011187823842,112563.11,112084.74
2025-09-08 17:37:00+00:00,112417.7,11.629976677353715,112563.11,112084.74
2025-09-08 17:38:00+00:00,112407.01,11.629881581045058,112563.11,112084.74
2025-09-08 17:39:00+00:00,112408.69,11.62989652662048,112563.11,112084.74
2025-09-08 17:40:00+00:00,112413.03,11.629935134989816,112563.11,112084.74
2025-09-08 17:41:00+00:00,112320.36,11.629110424382707,112563.11,112084.74
2025-09-08 17:42:00+00:00,112313.82,11.629052196378385,112563.11,112084.74
2025-09-08 17:43:00+00:00,112293.0,11.62886680574724,112563.11,112084.74
2025-09-08 17:44:00+00:00,112274.7,11.628703825941681,112563.11,112084.74
2025-09-08 17:45:00+00:00,112280.97,11.628759669554997,112563.11,112084.74
2025-09-08 17:46:00+00:00,112253.0,11.628510531305272,112563.11,112084.74
2025-09-08 17:47:00+00:00,112286.79,11.628811502462813,112563.11,112084.74
2025-09-08 17:48:00+00:00,112346.26,11.629340988229838,112563.11,112084.74
2025-09-08 17:49:00+00:00,112297.21,11.628904296250504,112563.11,112084.74
2025-09-08 17:50:00+00:00,112271.7,11.628677105406414,112563.11,112084.74
2025-09-08 17:51:00+00:00,112228.0,11.628287795304423,112563.11,112084.74
2025-09-08 17:52:00+00:00,112165.0,11.627726280447407,112563.11,112084.74
2025-09-08 17:53:00+00:00,112136.57,11.627472782443338,112563.11,112084.74
2025-09-08 17:54:00+00:00,112185.3,11.6279072474446,112563.11,112084.74
2025-09-08 17:55:00+00:00,112211.77,11.628143168529691,112563.11,112084.74
2025-09-08 17:56:00+00:00,112191.12,11.627959124553625,112563.11,112084.74
2025-09-08 17:57:00+00:00,112196.57,11.628007701193466,112563.11,112084.74
2025-09-08 17:58:00+00:00,112208.48,11.628113848537398,112563.11,112084.74
2025-09-08 17:59:00+00:00,112221.07,11.628226044101782,112563.11,112084.74
2025-09-08 18:00:00+00:00,112250.02,11.628483983778205,112534.0,112200.0
2025-09-08 18:01:00+00:00,112279.23,11.628744172596942,112534.0,112200.0
2025-09-08 18:02:00+00:00,112302.26,11.628949265190109,112534.0,112200.0
2025-09-08 18:03:00+00:00,112304.59,11.628970012553781,112534.0,112200.0
2025-09-08 18:04:00+00:00,112249.0,11.62847489687885,112534.0,112200.0
2025-09-08 18:05:00+00:00,112312.4,11.629039553152674,112534.0,112200.0
2025-09-08 18:06:00+00:00,112296.9,11.628901535715066,112534.0,112200.0
2025-09-08 18:07:00+00:00,112266.96,11.62863488550539,112534.0,112200.0
2025-09-08 18:08:00+00:00,112232.0,11.628323436398608,112534.0,112200.0
2025-09-08 18:09:00+00:00,112213.38,11.628157516297756,112534.0,112200.0
2025-09-08 18:10:00+00:00,112271.04,11.628671226792836,112534.0,112200.0
2025-09-08 18:11:00+00:00,112253.03,11.628510798558674,112534.0,112200.0
2025-09-08 18:12:00+00:00,112252.48,11.628505898901645,112534.0,112200.0
2025-09-08 18:13:00+00:00,112312.03,11.629036258764794,112534.0,112200.0
2025-09-08 18:14:00+00:00,112306.23,11.62898461559027,112534.0,112200.0
2025-09-08 18:15:00+00:00,112377.0,11.629614569168384,112534.0,112200.0
2025-09-08 18:16:00+00:00,112390.88,11.629738074359762,112534.0,112200.0
2025-09-08 18:17:00+00:00,112450.15,11.630265291312762,112534.0,112200.0
2025-09-08 18:18:00+00:00,112458.93,11.630343367306887,112534.0,112200.0
2025-09-08 18:19:00+00:00,112445.0,11.630219492192586,112534.0,112200.0
2025-09-08 18:20:00+00:00,112437.76,11.630155103085992,112534.0,112200.0
2025-09-08 18:21:00+00:00,112421.19,11.630007721805148,112534.0,112200.0
2025-09-08 18:22:00+00:00,112383.52,11.629672586474998,112534.0,112200.0
2025-09-08 18:23:00+00:00,112369.4,11.629546937384267,112534.0,112200.0
2025-09-08 18:24:00+00:00,112370.76,11.629559040250083,112534.0,112200.0
2025-09-08 18:25:00+00:00,112358.57,11.6294505541881,112534.0,112200.0
2025-09-08 18:26:00+00:00,112395.71,11.629781048453554,112534.0,112200.0
2025-09-08 18:27:00+00:00,112396.41,11.629787276429871,112534.0,112200.0
2025-09-08 18:28:00+00:00,112418.78,11.629986284335644,112534.0,112200.0
2025-09-08 18:29:00+00:00,112395.0,11.62977473146652,112534.0,112200.0
2025-09-08 18:30:00+00:00,112411.08,11.629917788095838,112534.0,112200.0
2025-09-08 18:31:00+00:00,112375.83,11.629604157731073,112534.0,112200.0
2025-09-08 18:32:00+00:00,112351.0,11.629383178330428,112534.0,112200.0
2025-09-08 18:33:00+00:00,112351.77,11.629390031828496,112534.0,112200.0
2025-09-08 18:34:00+00:00,112369.29,11.629545958469599,112534.0,112200.0
2025-09-08 18:35:00+00:00,112380.01,11.62964135364999,112534.0,112200.0
2025-09-08 18:36:00+00:00,112334.33,11.62923479303059,112534.0,112200.0
2025-09-08 18:37:00+00:00,112324.16,11.629144255610822,112534.0,112200.0
2025-09-08 18:38:00+00:00,112304.58,11.62896992351022,112534.0,112200.0
2025-09-08 18:39:00+00:00,112286.04,11.628804823115182,112534.0,112200.0
2025-09-08 18:40:00+00:00,112278.02,11.628733395835114,112534.0,112200.0
2025-09-08 18:41:00+00:00,112318.48,11.629093686404536,112534.0,112200.0
2025-09-08 18:42:00+00:00,112340.0,11.629285266086423,112534.0,112200.0
2025-09-08 18:43:00+00:00,112336.62,11.629255178398616,112534.0,112200.0
2025-09-08 18:44:00+00:00,112342.05,11.62930351409511,112534.0,112200.0
2025-09-08 18:45:00+00:00,112382.03,11.629659328215446,112534.0,112200.0
2025-09-08 18:46:00+00:00,112408.21,11.629892256478866,112534.0,112200.0
2025-09-08 18:47:00+00:00,112430.83,11.630093467087809,112534.0,112200.0
2025-09-08 18:48:00+00:00,112454.39,11.630302996198582,112534.0,112200.0
2025-09-08 18:49:00+00:00,112450.02,11.630264135244271,112534.0,112200.0
2025-09-08 18:50:00+00:00,112469.01,11.630432996012035,112534.0,112200.0
2025-09-08 18:51:00+00:00,112473.04,11.630468827462849,112534.0,112200.0
2025-09-08 18:52:00+00:00,112469.02,11.63043308492541,112534.0,112200.0
2025-09-08 18:53:00+00:00,112437.2,11.630150122540357,112534.0,112200.0
2025-09-08 18:54:00+00:00,112456.27,11.630319713947754,112534.0,112200.0
2025-09-08 18:55:00+00:00,112480.0,11.630530707044493,112534.0,112200.0
2025-09-08 18:56:00+00:00,112477.0,11.630504035280554,112534.0,112200.0
2025-09-08 18:57:00+00:00,112524.46,11.630925899216049,112534.0,112200.0
2025-09-08 18:58:00+00:00,112526.64,11.630945272593918,112534.0,112200.0
2025-09-08 18:59:00+00:00,112485.88,11.630582981638323,112534.0,112200.0
2025-09-08 19:00:00+00:00,112458.0,11.63033509758704,112485.88,112002.38
2025-09-08 19:01:00+00:00,112448.89,11.63025408628494,112485.88,112002.38
2025-09-08 19:02:00+00:00,112443.34,11.630204729310703,112485.88,112002.38
2025-09-08 19:03:00+00:00,112418.0,11.629979345969065,112485.88,112002.38
2025-09-08 19:04:00+00:00,112414.5,11.629948211680203,112485.88,112002.38
2025-09-08 19:05:00+00:00,112386.0,11.629694653523947,112485.88,112002.38
2025-09-08 19:06:00+00:00,112357.53,11.629441298064483,112485.88,112002.38
2025-09-08 19:07:00+00:00,112337.7,11.629264792314437,112485.88,112002.38
2025-09-08 19:08:00+00:00,112300.0,11.628929140726534,112485.88,112002.38
2025-09-08 19:09:00+00:00,112225.0,11.628261063650132,112485.88,112002.38
2025-09-08 19:10:00+00:00,112235.56,11.628355155904092,112485.88,112002.38
2025-09-08 19:11:00+00:00,112216.0,11.628180864399507,112485.88,112002.38
2025-09-08 19:12:00+00:00,112202.0,11.628056097223807,112485.88,112002.38
2025-09-08 19:13:00+00:00,112237.32,11.628370837085713,112485.88,112002.38
2025-09-08 19:14:00+00:00,112235.19,11.628351859260766,112485.88,112002.38
2025-09-08 19:15:00+00:00,112197.0,11.628011533745353,112485.88,112002.38
2025-09-08 19:16:00+00:00,112217.5,11.628194231387948,112485.88,112002.38
2025-09-08 19:17:00+00:00,112202.75,11.628062781574295,112485.88,112002.38
2025-09-08 19:18:00+00:00,112246.472,11.628452375266475,112485.88,112002.38
2025-09-08 19:19:00+00:00,112214.14,11.628164289085692,112485.88,112002.38
2025-09-08 19:20:00+00:00,112223.16,11.628244667881951,112485.88,112002.38
2025-09-08 19:21:00+00:00,112216.44,11.628184785401302,112485.88,112002.38
2025-09-08 19:22:00+00:00,112205.47,11.628087023110545,112485.88,112002.38
2025-09-08 19:23:00+00:00,112172.86,11.627796353327687,112485.88,112002.38
2025-09-08 19:24:00+00:00,112172.84,11.627796175031424,112485.88,112002.38
2025-09-08 19:25:00+00:00,112197.8,11.628018664035359,112485.88,112002.38
2025-09-08 19:26:00+00:00,112174.67,11.627812489007898,112485.88,112002.38
2025-09-08 19:27:00+00:00,112197.81,11.628018753163662,112485.88,112002.38
2025-09-08 19:28:00+00:00,112204.66,11.62807980418509,112485.88,112002.38
2025-09-08 19:29:00+00:00,112202.96,11.628064653184424,112485.88,112002.38
2025-09-08 19:30:00+00:00,112250.93,11.62849209064813,112485.88,112002.38
2025-09-08 19:31:00+00:00,112241.9,11.628411642644469,112485.88,112002.38
2025-09-08 19:32:00+00:00,112222.34,11.628237360985622,112485.88,112002.38
2025-09-08 19:33:00+00:00,112161.16,11.62769204458298,112485.88,112002.38
2025-09-08 19:34:00+00:00,112120.24,11.627327145840116,112485.88,112002.38
2025-09-08 19:35:00+00:00,112119.2,11.627317870040995,112485.88,112002.38
2025-09-08 19:36:00+00:00,112149.11,11.627584604116599,112485.88,112002.38
2025-09-08 19:37:00+00:00,112133.06,11.627441480835532,112485.88,112002.38
2025-09-08 19:38:00+00:00,112121.15,11.627335262093766,112485.88,112002.38
2025-09-08 19:39:00+00:00,112117.67,11.627304223757047,112485.88,112002.38
2025-09-08 19:40:00+00:00,112130.23,11.627416242643404,112485.88,112002.38
2025-09-08 19:41:00+00:00,112158.45,11.627667882629417,112485.88,112002.38
2025-09-08 19:42:00+00:00,112132.12,11.627433097902436,112485.88,112002.38
2025-09-08 19:43:00+00:00,112166.47,11.627739386054033,112485.88,112002.38
2025-09-08 19:44:00+00:00,112130.09,11.627414994094398,112485.88,112002.38
2025-09-08 19:45:00+00:00,112141.0,11.627512287062551,112485.88,112002.38
2025-09-08 19:46:00+00:00,112114.95,11.627279963236877,112485.88,112002.38
2025-09-08 19:47:00+00:00,112125.0,11.627369599361097,112485.88,112002.38
2025-09-08 19:48:00+00:00,112126.44,11.627382442087994,112485.88,112002.38
2025-09-08 19:49:00+00:00,112169.04,11.62776229816456,112485.88,112002.38
2025-09-08 19:50:00+00:00,112110.0,11.627235811147639,112485.88,112002.38
2025-09-08 19:51:00+00:00,112098.0,11.627128767687893,112485.88,112002.38
2025-09-08 19:52:00+00:00,112074.04,11.626915003294338,112485.88,112002.38
2025-09-08 19:53:00+00:00,112092.16,11.627076669058752,112485.88,112002.38
2025-09-08 19:54:00+00:00,112082.6,11.626991378457744,112485.88,112002.38
2025-09-08 19:55:00+00:00,112072.49,11.626901173055698,112485.88,112002.38
2025-09-08 19:56:00+00:00,112083.0,11.626994947247958,112485.88,112002.38
2025-09-08 19:57:00+00:00,112019.13,11.62642493926339,112485.88,112002.38
2025-09-08 19:58:00+00:00,112043.07,11.626638629926886,112485.88,112002.38
2025-09-08 19:59:00+00:00,112060.39,11.626793201391642,112485.88,112002.38
2025-09-08 20:00:00+00:00,112147.01,11.627565878870705,112170.08,111901.1
2025-09-08 20:01:00+00:00,112148.93,11.627582999109261,112170.08,111901.1
2025-09-08 20:02:00+00:00,112145.53,11.627552681820102,112170.08,111901.1
2025-09-08 20:03:00+00:00,112117.01,11.627298337067263,112170.08,111901.1
2025-09-08 20:04:00+00:00,112076.0,11.626932491580309,112170.08,111901.1
2025-09-08 20:05:00+00:00,112058.29,11.626774461320533,112170.08,111901.1
2025-09-08 20:06:00+00:00,112061.08,11.626799358766926,112170.08,111901.1
2025-09-08 20:07:00+00:00,112058.13,11.626773033491192,112170.08,111901.1
2025-09-08 20:08:00+00:00,112084.43,11.627007705568827,112170.08,111901.1
2025-09-08 20:09:00+00:00,112073.03,11.626905991354096,112170.08,111901.1
2025-09-08 20:10:00+00:00,112072.5,11.626901262283658,112170.08,111901.1
2025-09-08 20:11:00+00:00,112099.29,11.627140275409507,112170.08,111901.1
2025-09-08 20:12:00+00:00,112089.74,11.627055079447816,112170.08,111901.1
2025-09-08 20:13:00+00:00,112062.0,11.626807568541661,112170.08,111901.1
2025-09-08 20:14:00+00:00,112074.32,11.62691750163963,112170.08,111901.1
2025-09-08 20:15:00+00:00,112064.0,11.626825415645524,112170.08,111901.1
2025-09-08 20:16:00+00:00,112046.46,11.626668885691181,112170.08,111901.1
2025-09-08 20:17:00+00:00,112046.1,11.626665672733106,112170.08,111901.1
2025-09-08 20:18:00+00:00,112000.02,11.626254328848644,112170.08,111901.1
2025-09-08 20:19:00+00:00,112004.75,11.626296560092209,112170.08,111901.1
2025-09-08 20:20:00+00:00,112031.88,11.626538752631282,112170.08,111901.1
2025-09-08 20:21:00+00:00,112041.8,11.626627294935817,112170.08,111901.1
2025-09-08 20:22:00+00:00,112052.01,11.62671841748853,112170.08,111901.1
2025-09-08 20:23:00+00:00,112019.0,11.626423778746652,112170.08,111901.1
2025-09-08 20:24:00+00:00,112029.84,11.62652054336287,112170.08,111901.1
2025-09-08 20:25:00+00:00,112002.84,11.626279507098602,112170.08,111901.1
2025-09-08 20:26:00+00:00,112044.82,11.626654248798571,112170.08,111901.1
2025-09-08 20:27:00+00:00,112049.62,11.626697087880173,112170.08,111901.1
2025-09-08 20:28:00+00:00,112051.0,11.626709403776488,112170.08,111901.1
2025-09-08 20:29:00+00:00,112052.0,11.626718328244253,112170.08,111901.1
2025-09-08 20:30:00+00:00,112043.08,11.626638719178274,112170.08,111901.1
2025-09-08 20:31:00+00:00,112029.13,11.626514205745591,112170.08,111901.1
2025-09-08 20:32:00+00:00,112047.32,11.626676561049239,112170.08,111901.1
2025-09-08 20:33:00+00:00,111967.54,11.625964286842313,112170.08,111901.1
2025-09-08 20:34:00+00:00,111976.0,11.626039841600482,112170.08,111901.1
2025-09-08 20:35:00+00:00,111980.8,11.626082707010246,112170.08,111901.1
2025-09-08 20:36:00+00:00,111998.69,11.626242453780256,112170.08,111901.1
2025-09-08 20:37:00+00:00,111985.78,11.62612717793087,112170.08,111901.1
2025-09-08 20:38:00+00:00,111979.03,11.626066900604249,112170.08,111901.1
2025-09-08 20:39:00+00:00,111966.0,11.625950532761527,112170.08,111901.1
2025-09-08 20:40:00+00:00,111946.08,11.625772605781862,112170.08,111901.1
2025-09-08 20:41:00+00:00,111945.02,11.625763136892745,112170.08,111901.1
2025-09-08 20:42:00+00:00,111936.67,11.62568854392354,112170.08,111901.1
2025-09-08 20:43:00+00:00,111925.0,11.625584283109166,112170.08,111901.1
2025-09-08 20:44:00+00:00,111917.2,11.625514591156504,112170.08,111901.1
2025-09-08 20:45:00+00:00,111912.2,11.62546991427312,112170.08,111901.1
2025-09-08 20:46:00+00:00,111909.02,11.625441498736825,112170.08,111901.1
2025-09-08 20:47:00+00:00,111908.99,11.625441230661883,112170.08,111901.1
2025-09-08 20:48:00+00:00,111908.0,11.625432384148489,112170.08,111901.1
2025-09-08 20:49:00+00:00,111911.11,11.625460174447541,112170.08,111901.1
2025-09-08 20:50:00+00:00,111933.79,11.625662814758556,112170.08,111901.1
2025-09-08 20:51:00+00:00,111941.15,11.62572856575331,112170.08,111901.1
2025-09-08 20:52:00+00:00,111995.34,11.626212542268773,112170.08,111901.1
2025-09-08 20:53:00+00:00,112026.52,11.626490907962205,112170.08,111901.1
2025-09-08 20:54:00+00:00,112058.79,11.62677892327408,112170.08,111901.1
2025-09-08 20:55:00+00:00,112051.15,11.62671074245173,112170.08,111901.1
2025-09-08 20:56:00+00:00,112022.63,11.626456183438586,112170.08,111901.1
2025-09-08 20:57:00+00:00,112023.23,11.62646153948489,112170.08,111901.1
2025-09-08 20:58:00+00:00,111998.0,11.626236292974934,112170.08,111901.1
2025-09-08 20:59:00+00:00,111967.6,11.625964822711762,112170.08,111901.1
2025-09-08 21:00:00+00:00,111940.0,11.62571829244535,112352.53,111940.0
2025-09-08 21:01:00+00:00,111947.22,11.625782789204054,112352.53,111940.0
2025-09-08 21:02:00+00:00,111950.53,11.625812356272059,112352.53,111940.0
2025-09-08 21:03:00+00:00,111962.59,11.6259200766237,112352.53,111940.0
2025-09-08 21:04:00+00:00,111963.41,11.625927400471756,112352.53,111940.0
2025-09-08 21:05:00+00:00,111954.0,11.625843351625305,112352.53,111940.0
2025-09-08 21:06:00+00:00,111953.97,11.625843083658067,112352.53,111940.0
2025-09-08 21:07:00+00:00,111962.53,11.625919540730273,112352.53,111940.0
2025-09-08 21:08:00+00:00,111962.78,11.625921773617657,112352.53,111940.0
2025-09-08 21:09:00+00:00,111962.82,11.625922130879177,112352.53,111940.0
2025-09-08 21:10:00+00:00,111972.05,11.626004565562129,112352.53,111940.0
2025-09-08 21:11:00+00:00,111972.05,11.626004565562129,112352.53,111940.0
2025-09-08 21:12:00+00:00,111978.56,11.626062703381015,112352.53,111940.0
2025-09-08 21:13:00+00:00,111990.57,11.626169950303941,112352.53,111940.0
2025-09-08 21:14:00+00:00,112153.65,11.627625085116481,112352.53,111940.0
2025-09-08 21:15:00+00:00,112109.81,11.627234116382132,112352.53,111940.0
2025-09-08 21:16:00+00:00,112104.4,11.62718585895901,112352.53,111940.0
2025-09-08 21:17:00+00:00,112103.0,11.627173370521964,112352.53,111940.0
2025-09-08 21:18:00+00:00,112072.0,11.626896800875949,112352.53,111940.0
2025-09-08 21:19:00+00:00,112068.0,11.626861108897717,112352.53,111940.0
2025-09-08 21:20:00+00:00,112057.84,11.626770445545318,112352.53,111940.0
2025-09-08 21:21:00+00:00,112082.23,11.626988077315454,112352.53,111940.0
2025-09-08 21:22:00+00:00,112089.57,11.627053562804731,112352.53,111940.0
2025-09-08 21:23:00+00:00,112089.5,11.62705293830397,112352.53,111940.0
2025-09-08 21:24:00+00:00,112132.27,11.627434435609239,112352.53,111940.0
2025-09-08 21:25:00+00:00,112125.59,11.627374861331646,112352.53,111940.0
2025-09-08 21:26:00+00:00,112123.2,11.627353545720533,112352.53,111940.0
2025-09-08 21:27:00+00:00,112125.46,11.627373701916785,112352.53,111940.0
2025-09-08 21:28:00+00:00,112121.75,11.627340613433763,112352.53,111940.0
2025-09-08 21:29:00+00:00,112112.04,11.627254007396322,112352.53,111940.0
2025-09-08 21:30:00+00:00,112130.68,11.627420255826086,112352.53,111940.0
2025-09-08 21:31:00+00:00,112125.36,11.627372810058285,112352.53,111940.0
2025-09-08 21:32:00+00:00,112130.31,11.627416956099282,112352.53,111940.0
2025-09-08 21:33:00+00:00,112145.34,11.627550987591531,112352.53,111940.0
2025-09-08 21:34:00+00:00,112149.64,11.627589329956578,112352.53,111940.0
2025-09-08 21:35:00+00:00,112166.0,11.627735195844743,112352.53,111940.0
2025-09-08 21:36:00+00:00,112196.64,11.628008325098262,112352.53,111940.0
2025-09-08 21:37:00+00:00,112196.64,11.628008325098262,112352.53,111940.0
2025-09-08 21:38:00+00:00,112233.5,11.628336801481439,112352.53,111940.0
2025-09-08 21:39:00+00:00,112237.0,11.628367985980072,112352.53,111940.0
2025-09-08 21:40:00+00:00,112334.64,11.629237552646215,112352.53,111940.0
2025-09-08 21:41:00+00:00,112336.16,11.629251083554548,112352.53,111940.0
2025-09-08 21:42:00+00:00,112333.8,11.62923007496043,112352.53,111940.0
2025-09-08 21:43:00+00:00,112308.0,11.629000375945257,112352.53,111940.0
2025-09-08 21:44:00+00:00,112278.12,11.62873428648099,112352.53,111940.0
2025-09-08 21:45:00+00:00,112273.0,11.62868868439269,112352.53,111940.0
2025-09-08 21:46:00+00:00,112272.0,11.62867977749207,112352.53,111940.0
2025-09-08 21:47:00+00:00,112272.4,11.628683340261839,112352.53,111940.0
2025-09-08 21:48:00+00:00,112282.15,11.628770178849665,112352.53,111940.0
2025-09-08 21:49:00+00:00,112281.0,11.628759936741822,112352.53,111940.0
2025-09-08 21:50:00+00:00,112288.0,11.628822278382941,112352.53,111940.0
2025-09-08 21:51:00+00:00,112293.0,11.62886680574724,112352.53,111940.0
2025-09-08 21:52:00+00:00,112285.21,11.628797431251797,112352.53,111940.0
2025-09-08 21:53:00+00:00,112302.0,11.62894695000695,112352.53,111940.0
2025-09-08 21:54:00+00:00,112295.06,11.62888515044464,112352.53,111940.0
2025-09-08 21:55:00+00:00,112300.15,11.628930476433567,112352.53,111940.0
2025-09-08 21:56:00+00:00,112308.0,11.629000375945257,112352.53,111940.0
2025-09-08 21:57:00+00:00,112303.94,11.62896422470592,112352.53,111940.0
2025-09-08 21:58:00+00:00,112321.7,11.629122354472736,112352.53,111940.0
2025-09-08 21:59:00+00:00,112352.52,11.629396707268471,112352.53,111940.0
2025-09-08 22:00:00+00:00,112387.92,11.62971173735645,112528.95,112214.48
2025-09-08 22:01:00+00:00,112456.0,11.630317313011602,112528.95,112214.48
2025-09-08 22:02:00+00:00,112416.75,11.629968226691462,112528.95,112214.48
2025-09-08 22:03:00+00:00,112407.4,11.629885050573547,112528.95,112214.48
2025-09-08 22:04:00+00:00,112382.0,11.629659061268818,112528.95,112214.48
2025-09-08 22:05:00+00:00,112368.38,11.629537860138777,112528.95,112214.48
2025-09-08 22:06:00+00:00,112398.88,11.629809251979271,112528.95,112214.48
2025-09-08 22:07:00+00:00,112393.11,11.629757915630487,112528.95,112214.48
2025-09-08 22:08:00+00:00,112406.7,11.629878823206134,112528.95,112214.48
2025-09-08 22:09:00+00:00,112444.14,11.630211843979781,112528.95,112214.48
2025-09-08 22:10:00+00:00,112472.25,11.63046180353272,112528.95,112214.48
2025-09-08 22:11:00+00:00,112507.37,11.630774009591963,112528.95,112214.48
2025-09-08 22:12:00+00:00,112469.43,11.630436730367087,112528.95,112214.48
2025-09-08 22:13:00+00:00,112472.77,11.630466426884682,112528.95,112214.48
2025-09-08 22:14:00+00:00,112458.69,11.630341233192183,112528.95,112214.48
2025-09-08 22:15:00+00:00,112406.0,11.629872595799943,112528.95,112214.48
2025-09-08 22:16:00+00:00,112431.8,11.630102094577401,112528.95,112214.48
2025-09-08 22:17:00+00:00,112446.5,11.63023283195865,112528.95,112214.48
2025-09-08 22:18:00+00:00,112411.19,11.629918766646584,112528.95,112214.48
2025-09-08 22:19:00+00:00,112391.53,11.629743857730444,112528.95,112214.48
2025-09-08 22:20:00+00:00,112417.02,11.629970628465893,112528.95,112214.48
2025-09-08 22:21:00+00:00,112400.97,11.62982784629773,112528.95,112214.48
2025-09-08 22:22:00+00:00,112354.39,11.629413351171412,112528.95,112214.48
2025-09-08 22:23:00+00:00,112387.73,11.62971004678187,112528.95,112214.48
2025-09-08 22:24:00+00:00,112395.92,11.629782916850521,112528.95,112214.48
2025-09-08 22:25:00+00:00,112355.43,11.629422607553709,112528.95,112214.48
2025-09-08 22:26:00+00:00,112336.0,11.629249659257031,112528.95,112214.48
2025-09-08 22:27:00+00:00,112335.65,11.629246543599136,112528.95,112214.48
2025-09-08 22:28:00+00:00,112332.44,11.629217968112512,112528.95,112214.48
2025-09-08 22:29:00+00:00,112338.64,11.629273159906681,112528.95,112214.48
2025-09-08 22:30:00+00:00,112331.89,11.629213071919155,112528.95,112214.48
2025-09-08 22:31:00+00:00,112340.0,11.629285266086423,112528.95,112214.48
2025-09-08 22:32:00+00:00,112336.7,11.629255890543698,112528.95,112214.48
2025-09-08 22:33:00+00:00,112354.4,11.629413440175496,112528.95,112214.48
2025-09-08 22:34:00+00:00,112358.4,11.62944904117375,112528.95,112214.48
2025-09-08 22:35:00+00:00,112365.02,11.629507958041444,112528.95,112214.48
2025-09-08 22:36:00+00:00,112336.6,11.629255000362265,112528.95,112214.48
2025-09-08 22:37:00+00:00,112319.0,11.629098316086102,112528.95,112214.48
2025-09-08 22:38:00+00:00,112330.3,11.629198917334444,112528.95,112214.48
2025-09-08 22:39:00+00:00,112365.32,11.629510627907917,112528.95,112214.48
2025-09-08 22:40:00+00:00,112368.28,11.629536970208314,112528.95,112214.48
2025-09-08 22:41:00+00:00,112373.0,11.629578974062706,112528.95,112214.48
2025-09-08 22:42:00+00:00,112411.23,11.629919122482981,112528.95,112214.48
2025-09-08 22:43:00+00:00,112381.09,11.62965096385389,112528.95,112214.48
2025-09-08 22:44:00+00:00,112387.96,11.629712093266523,112528.95,112214.48
2025-09-08 22:45:00+00:00,112392.59,11.629753289001657,112528.95,112214.48
2025-09-08 22:46:00+00:00,112336.9,11.629257670904185,112528.95,112214.48
2025-09-08 22:47:00+00:00,112324.0,11.62914283116114,112528.95,112214.48
2025-09-08 22:48:00+00:00,112299.52,11.628924866452039,112528.95,112214.48
2025-09-08 22:49:00+00:00,112281.04,11.628760292990812,112528.95,112214.48
2025-09-08 22:50:00+00:00,112282.0,11.628768842928505,112528.95,112214.48
2025-09-08 22:51:00+00:00,112250.88,11.628491645217423,112528.95,112214.48
2025-09-08 22:52:00+00:00,112233.17,11.628333861178541,112528.95,112214.48
2025-09-08 22:53:00+00:00,112231.42,11.628318268518692,112528.95,112214.48
2025-09-08 22:54:00+00:00,112239.43,11.628389636360026,112528.95,112214.48
2025-09-08 22:55:00+00:00,112237.41,11.62837163895771,112528.95,112214.48
2025-09-08 22:56:00+00:00,112219.77,11.628214459757327,112528.95,112214.48
2025-09-08 22:57:00+00:00,112242.0,11.62841253357696,112528.95,112214.48
2025-09-08 22:58:00+00:00,112252.41,11.62850527530721,112528.95,112214.48
2025-09-08 22:59:00+00:00,112253.9,11.628518548876224,112528.95,112214.48
2025-09-08 23:00:00+00:00,112257.92,11.62855435990836,112325.39,112000.0
2025-09-08 23:01:00+00:00,112237.27,11.628370391600992,112325.39,112000.0
2025-09-08 23:02:00+00:00,112230.76,11.628312387795267,112325.39,112000.0
2025-09-08 23:03:00+00:00,112276.0,11.628715404618568,112325.39,112000.0
2025-09-08 23:04:00+00:00,112270.69,11.62866810933222,112325.39,112000.0
2025-09-08 23:05:00+00:00,112297.82,11.628909728249601,112325.39,112000.0
2025-09-08 23:06:00+00:00,112298.86,11.628918989294778,112325.39,112000.0
2025-09-08 23:07:00+00:00,112294.41,11.628879362105588,112325.39,112000.0
2025-09-08 23:08:00+00:00,112318.11,11.629090392194987,112325.39,112000.0
2025-09-08 23:09:00+00:00,112299.01,11.62892032501537,112325.39,112000.0
2025-09-08 23:10:00+00:00,112302.73,11.628953450315294,112325.39,112000.0
2025-09-08 23:11:00+00:00,112276.51,11.628719946985964,112325.39,112000.0
2025-09-08 23:12:00+00:00,112238.79,11.628383934247813,112325.39,112000.0
2025-09-08 23:13:00+00:00,112230.2,11.628307398063424,112325.39,112000.0
2025-09-08 23:14:00+00:00,112228.23,11.62828984470176,112325.39,112000.0
2025-09-08 23:15:00+00:00,112215.65,11.628177745409829,112325.39,112000.0
2025-09-08 23:16:00+00:00,112223.85,11.628250816326522,112325.39,112000.0
2025-09-08 23:17:00+00:00,112249.68,11.628480954820928,112325.39,112000.0
2025-09-08 23:18:00+00:00,112268.5,11.628648602715135,112325.39,112000.0
2025-09-08 23:19:00+00:00,112287.83,11.628820764417704,112325.39,112000.0
2025-09-08 23:20:00+00:00,112287.57,11.628818448937023,112325.39,112000.0
2025-09-08 23:21:00+00:00,112200.96,11.628046828183862,112325.39,112000.0
2025-09-08 23:22:00+00:00,112212.74,11.62815181286181,112325.39,112000.0
2025-09-08 23:23:00+00:00,112212.23,11.628147267913002,112325.39,112000.0
2025-09-08 23:24:00+00:00,112208.24,11.628111709659333,112325.39,112000.0
2025-09-08 23:25:00+00:00,112203.09,11.628065811798463,112325.39,112000.0
2025-09-08 23:26:00+00:00,112175.74,11.627822027657727,112325.39,112000.0
2025-09-08 23:27:00+00:00,112135.78,11.627465737437566,112325.39,112000.0
2025-09-08 23:28:00+00:00,112135.51,11.627463329639403,112325.39,112000.0
2025-09-08 23:29:00+00:00,112144.91,11.627547153274168,112325.39,112000.0
2025-09-08 23:30:00+00:00,112143.89,11.627538057857901,112325.39,112000.0
2025-09-08 23:31:00+00:00,112120.0,11.627325005278724,112325.39,112000.0
2025-09-08 23:32:00+00:00,112089.39,11.627051956944841,112325.39,112000.0
2025-09-08 23:33:00+00:00,112098.42,11.627132514402492,112325.39,112000.0
2025-09-08 23:34:00+00:00,112109.4,11.627230459246778,112325.39,112000.0
2025-09-08 23:35:00+00:00,112115.91,11.627288525840614,112325.39,112000.0
2025-09-08 23:36:00+00:00,112134.13,11.62745102302492,112325.39,112000.0
2025-09-08 23:37:00+00:00,112132.42,11.62743577331425,112325.39,112000.0
2025-09-08 23:38:00+00:00,112143.53,11.627534847691232,112325.39,112000.0
2025-09-08 23:39:00+00:00,112128.46,11.627400457301931,112325.39,112000.0
2025-09-08 23:40:00+00:00,112134.96,11.627458424847434,112325.39,112000.0
2025-09-08 23:41:00+00:00,112075.91,11.62693168855347,112325.39,112000.0
2025-09-08 23:42:00+00:00,112086.0,11.627021712768617,112325.39,112000.0
2025-09-08 23:43:00+00:00,112051.02,11.626709582266622,112325.39,112000.0
2025-09-08 23:44:00+00:00,112057.51,11.626767500633244,112325.39,112000.0
2025-09-08 23:45:00+00:00,112047.43,11.626677542776834,112325.39,112000.0
2025-09-08 23:46:00+00:00,112037.27,11.626586862779432,112325.39,112000.0
2025-09-08 23:47:00+00:00,112057.57,11.626768036072448,112325.39,112000.0
2025-09-08 23:48:00+00:00,112074.59,11.626919910752394,112325.39,112000.0
2025-09-08 23:49:00+00:00,112057.73,11.626769463908923,112325.39,112000.0
2025-09-08 23:50:00+00:00,112040.4,11.626614799521189,112325.39,112000.0
2025-09-08 23:51:00+00:00,112022.0,11.626450559559094,112325.39,112000.0
2025-09-08 23:52:00+00:00,112031.55,11.626535807036813,112325.39,112000.0
2025-09-08 23:53:00+00:00,112028.53,11.626508849981365,112325.39,112000.0
2025-09-08 23:54:00+00:00,112080.01,11.626968270232869,112325.39,112000.0
2025-09-08 23:55:00+00:00,112120.31,11.627327770169657,112325.39,112000.0
2025-09-08 23:56:00+00:00,112096.6,11.62711627853784,112325.39,112000.0
2025-09-08 23:57:00+00:00,112075.36,11.626926781153212,112325.39,112000.0
2025-09-08 23:58:00+00:00,112086.65,11.627027511870336,112325.39,112000.0
2025-09-08 23:59:00+00:00,112072.58,11.626901976107044,112325.39,112000.0
2025-09-09 00:00:00+00:00,112075.04,11.626923925927436,112112.4,111477.87
2025-09-09 00:01:00+00:00,112075.17,11.62692508586389,112112.4,111477.87
2025-09-09 00:02:00+00:00,112094.89,11.627101023721524,112112.4,111477.87
2025-09-09 00:03:00+00:00,112079.53,11.626963987568834,112112.4,111477.87
2025-09-09 00:04:00+00:00,112075.2,11.626925353541344,112112.4,111477.87
2025-09-09 00:05:00+00:00,112091.9,11.627074349536125,112112.4,111477.87
2025-09-09 00:06:00+00:00,112042.15,11.626630418765078,112112.4,111477.87
2025-09-09 00:07:00+00:00,112048.0,11.6266826298953,112112.4,111477.87
2025-09-09 00:08:00+00:00,112076.59,11.626937755851403,112112.4,111477.87
2025-09-09 00:09:00+00:00,112071.38,11.62689126870275,112112.4,111477.87
2025-09-09 00:10:00+00:00,112060.09,11.626790524260127,112112.4,111477.87
2025-09-09 00:11:00+00:00,112040.0,11.626611229374046,112112.4,111477.87
2025-09-09 00:12:00+00:00,111999.0,11.626245221665943,112112.4,111477.87
2025-09-09 00:13:00+00:00,111989.49,11.626160306588336,112112.4,111477.87
2025-09-09 00:14:00+00:00,112036.57,11.62658061483902,112112.4,111477.87
2025-09-09 00:15:00+00:00,112050.3,11.62670315660166,112112.4,111477.87
2025-09-09 00:16:00+00:00,112097.29,11.627122433924146,112112.4,111477.87
2025-09-09 00:17:00+00:00,112038.35,11.626596502382347,112112.4,111477.87
2025-09-09 00:18:00+00:00,111949.98,11.6258074433757,112112.4,111477.87
2025-09-09 00:19:00+00:00,111945.55,11.62576787134851,112112.4,111477.87
2025-09-09 00:20:00+00:00,111947.52,11.625785469034764,112112.4,111477.87
2025-09-09 00:21:00+00:00,111965.55,11.62594651367623,112112.4,111477.87
2025-09-09 00:22:00+00:00,111892.0,11.625289399340382,112112.4,111477.87
2025-09-09 00:23:00+00:00,111753.77,11.624053247924666,112112.4,111477.87
2025-09-09 00:24:00+00:00,111700.3,11.623574670819128,112112.4,111477.87
2025-09-09 00:25:00+00:00,111670.7,11.623309640889788,112112.4,111477.87
2025-09-09 00:26:00+00:00,111641.88,11.623051527350821,112112.4,111477.87
2025-09-09 00:27:00+00:00,111660.11,11.623214803997307,112112.4,111477.87
2025-09-09 00:28:00+00:00,111739.06,11.623921610591859,112112.4,111477.87
2025-09-09 00:29:00+00:00,111684.8,11.623435897015282,112112.4,111477.87
2025-09-09 00:30:00+00:00,111596.28,11.622642995040446,112112.4,111477.87
2025-09-09 00:31:00+00:00,111612.0,11.622783850030467,112112.4,111477.87
2025-09-09 00:32:00+00:00,111635.94,11.62299832009538,112112.4,111477.87
2025-09-09 00:33:00+00:00,111659.3,11.623207549813714,112112.4,111477.87
2025-09-09 00:34:00+00:00,111653.5,11.623155604739349,112112.4,111477.87
2025-09-09 00:35:00+00:00,111688.42,11.623468309137024,112112.4,111477.87
2025-09-09 00:36:00+00:00,111643.36,11.623064783936881,112112.4,111477.87
2025-09-09 00:37:00+00:00,111630.0,11.622945110008779,112112.4,111477.87
2025-09-09 00:38:00+00:00,111614.11,11.622802754629038,112112.4,111477.87
2025-09-09 00:39:00+00:00,111648.77,11.623113240637984,112112.4,111477.87
2025-09-09 00:40:00+00:00,111629.39,11.622939645512973,112112.4,111477.87
2025-09-09 00:41:00+00:00,111619.66,11.62285247828869,112112.4,111477.87
2025-09-09 00:42:00+00:00,111627.0,11.622918235151548,112112.4,111477.87
2025-09-09 00:43:00+00:00,111616.55,11.622824615425401,112112.4,111477.87
2025-09-09 00:44:00+00:00,111614.3,11.622804456921322,112112.4,111477.87
2025-09-09 00:45:00+00:00,111563.75,11.622351455375119,112112.4,111477.87
2025-09-09 00:46:00+00:00,111644.0,11.623070516460208,112112.4,111477.87
2025-09-09 00:47:00+00:00,111749.49,11.624014948707012,112112.4,111477.87
2025-09-09 00:48:00+00:00,111806.42,11.62452426202582,112112.4,111477.87
2025-09-09 00:49:00+00:00,111799.9,11.624465945248353,112112.4,111477.87
2025-09-09 00:50:00+00:00,111781.0,11.624296878927884,112112.4,111477.87
2025-09-09 00:51:00+00:00,111689.96,11.623482097400688,112112.4,111477.87
2025-09-09 00:52:00+00:00,111640.0,11.623034687650259,112112.4,111477.87
2025-09-09 00:53:00+00:00,111615.85,11.622818343934345,112112.4,111477.87
2025-09-09 00:54:00+00:00,111654.05,11.623160530681172,112112.4,111477.87
2025-09-09 00:55:00+00:00,111673.35,11.623333371094379,112112.4,111477.87
2025-09-09 00:56:00+00:00,111669.0,11.623294417443173,112112.4,111477.87
2025-09-09 00:57:00+00:00,111661.7,11.623229043537995,112112.4,111477.87
2025-09-09 00:58:00+00:00,111669.0,11.623294417443173,112112.4,111477.87
2025-09-09 00:59:00+00:00,111659.0,11.623204863065695,112112.4,111477.87
2025-09-09 01:00:00+00:00,111663.71,11.623247044176615,111752.24,111285.51
2025-09-09 01:01:00+00:00,111687.15,11.623456938153168,111752.24,111285.51
2025-09-09 01:02:00+00:00,111654.0,11.623160082869282,111752.24,111285.51
2025-09-09 01:03:00+00:00,111622.0,11.622873442117754,111752.24,111285.51
2025-09-09 01:04:00+00:00,111574.0,11.622443326876082,111752.24,111285.51
2025-09-09 01:05:00+00:00,111664.28,11.623252148776357,111752.24,111285.51
2025-09-09 01:06:00+00:00,111733.92,11.62387560950483,111752.24,111285.51
2025-09-09 01:07:00+00:00,111734.32,11.623879189431893,111752.24,111285.51
2025-09-09 01:08:00+00:00,111709.47,11.623656762126103,111752.24,111285.51
2025-09-09 01:09:00+00:00,111695.0,11.623527221298025,111752.24,111285.51
2025-09-09 01:10:00+00:00,111660.0,11.623213818864352,111752.24,111285.51
2025-09-09 01:11:00+00:00,111615.02,11.62281090768684,111752.24,111285.51
2025-09-09 01:12:00+00:00,111617.92,11.62283688951551,111752.24,111285.51
2025-09-09 01:13:00+00:00,111615.0,11.622810728499472,111752.24,111285.51
2025-09-09 01:14:00+00:00,111583.0,11.622523987576889,111752.24,111285.51
2025-09-09 01:15:00+00:00,111521.0,11.621968192955583,111752.24,111285.51
2025-09-09 01:16:00+00:00,111518.05,11.621941740188678,111752.24,111285.51
2025-09-09 01:17:00+00:00,111477.87,11.621581374847151,111752.24,111285.51
2025-09-09 01:18:00+00:00,111451.0,11.621340311407229,111752.24,111285.51
2025-09-09 01:19:00+00:00,111446.92,11.621303702721061,111752.24,111285.51
2025-09-09 01:20:00+00:00,111435.0,11.621196740254016,111752.24,111285.51
2025-09-09 01:21:00+00:00,111470.81,11.621518041886379,111752.24,111285.51
2025-09-09 01:22:00+00:00,111469.49,11.62150620015117,111752.24,111285.51
2025-09-09 01:23:00+00:00,111481.94,11.621617883669082,111752.24,111285.51
2025-09-09 01:24:00+00:00,111441.46,11.621254709588255,111752.24,111285.51
2025-09-09 01:25:00+00:00,111414.36,11.621011503015202,111752.24,111285.51
2025-09-09 01:26:00+00:00,111340.3,11.620346556183303,111752.24,111285.51
2025-09-09 01:27:00+00:00,111360.0,11.620523475568246,111752.24,111285.51
2025-09-09 01:28:00+00:00,111403.9,11.62091761483918,111752.24,111285.51
2025-09-09 01:29:00+00:00,111366.11,11.620578341160803,111752.24,111285.51
2025-09-09 01:30:00+00:00,111335.67,11.620304971094434,111752.24,111285.51
2025-09-09 01:31:00+00:00,111345.93,11.620397120603036,111752.24,111285.51
2025-09-09 01:32:00+00:00,111352.0,11.620451633907237,111752.24,111285.51
2025-09-09 01:33:00+00:00,111379.49,11.62069847821416,111752.24,111285.51
2025-09-09 01:34:00+00:00,111356.29,11.620490159639713,111752.24,111285.51
2025-09-09 01:35:00+00:00,111369.57,11.620609409375831,111752.24,111285.51
2025-09-09 01:36:00+00:00,111360.1,11.62052437355635,111752.24,111285.51
2025-09-09 01:37:00+00:00,111336.19,11.620309641644184,111752.24,111285.51
2025-09-09 01:38:00+00:00,111327.87,11.620234910230378,111752.24,111285.51
2025-09-09 01:39:00+00:00,111332.26,11.620274342525693,111752.24,111285.51
2025-09-09 01:40:00+00:00,111354.51,11.620474174784018,111752.24,111285.51
2025-09-09 01:41:00+00:00,111448.76,11.62132021268662,111752.24,111285.51
2025-09-09 01:42:00+00:00,111439.84,11.621240172702477,111752.24,111285.51
2025-09-09 01:43:00+00:00,111450.25,11.621333581969866,111752.24,111285.51
2025-09-09 01:44:00+00:00,111460.73,11.621427610536855,111752.24,111285.51
2025-09-09 01:45:00+00:00,111455.39,11.621379700138979,111752.24,111285.51
2025-09-09 01:46:00+00:00,111433.41,11.62118247174463,111752.24,111285.51
2025-09-09 01:47:00+00:00,111388.42,11.620778651341473,111752.24,111285.51
2025-09-09 01:48:00+00:00,111403.88,11.620917435312236,111752.24,111285.51
2025-09-09 01:49:00+00:00,111376.0,11.620667143408447,111752.24,111285.51
2025-09-09 01:50:00+00:00,111401.63,11.620897238325187,111752.24,111285.51
2025-09-09 01:51:00+00:00,111495.17,11.621736550558392,111752.24,111285.51
2025-09-09 01:52:00+00:00,111482.27,11.621620843785417,111752.24,111285.51
2025-09-09 01:53:00+00:00,111493.08,11.621717805176067,111752.24,111285.51
2025-09-09 01:54:00+00:00,111471.25,11.621521989100287,111752.24,111285.51
2025-09-09 01:55:00+00:00,111409.83,11.620970843156856,111752.24,111285.51
2025-09-09 01:56:00+00:00,111431.89,11.621168831218267,111752.24,111285.51
2025-09-09 01:57:00+00:00,111410.94,11.620980806321421,111752.24,111285.51
2025-09-09 01:58:00+00:00,111414.72,11.621014734191313,111752.24,111285.51
2025-09-09 01:59:00+00:00,111364.37,11.620562716895996,111752.24,111285.51
2025-09-09 02:00:00+00:00,111385.69,11.620754142209778,111449.94,111118.62
2025-09-09 02:01:00+00:00,111363.03,11.62055068424981,111449.94,111118.62
2025-09-09 02:02:00+00:00,111367.0,11.620586332788092,111449.94,111118.62
2025-09-09 02:03:00+00:00,111390.76,11.620799658690544,111449.94,111118.62
2025-09-09 02:04:00+00:00,111327.0,11.6202270954451,111449.94,111118.62
2025-09-09 02:05:00+00:00,111321.0,11.620173198711228,111449.94,111118.62
2025-09-09 02:06:00+00:00,111263.05,11.619652496519771,111449.94,111118.62
2025-09-09 02:07:00+00:00,111228.0,11.619337427663833,111449.94,111118.62
2025-09-09 02:08:00+00:00,111216.07,11.61923016474591,111449.94,111118.62
2025-09-09 02:09:00+00:00,111320.95,11.620172749559575,111449.94,111118.62
2025-09-09 02:10:00+00:00,111299.23,11.61997761900071,111449.94,111118.62
2025-09-09 02:11:00+00:00,111272.96,11.619741560757118,111449.94,111118.62
2025-09-09 02:12:00+00:00,111324.72,11.62020661502842,111449.94,111118.62
2025-09-09 02:13:00+00:00,111306.38,11.620041858172424,111449.94,111118.62
2025-09-09 02:14:00+00:00,111241.0,11.619454297879592,111449.94,111118.62
2025-09-09 02:15:00+00:00,111242.05,11.619463736800894,111449.94,111118.62
2025-09-09 02:16:00+00:00,111236.0,11.619409349413,111449.94,111118.62
2025-09-09 02:17:00+00:00,111274.73,11.619757467460083,111449.94,111118.62
2025-09-09 02:18:00+00:00,111319.13,11.620156400302065,111449.94,111118.62
2025-09-09 02:19:00+00:00,111341.41,11.620356525569653,111449.94,111118.62
2025-09-09 02:20:00+00:00,111253.0,11.619562165957037,111449.94,111118.62
2025-09-09 02:21:00+00:00,111216.0,11.619229535340267,111449.94,111118.62
2025-09-09 02:22:00+00:00,111186.85,11.618967398410215,111449.94,111118.62
2025-09-09 02:23:00+00:00,111138.4704,11.618532183917537,111449.94,111118.62
2025-09-09 02:24:00+00:00,111217.62,11.619244101483641,111449.94,111118.62
2025-09-09 02:25:00+00:00,111207.0,11.619148608457662,111449.94,111118.62
2025-09-09 02:26:00+00:00,111216.56,11.619234570574317,111449.94,111118.62
2025-09-09 02:27:00+00:00,111278.0,11.61978685375429,111449.94,111118.62
2025-09-09 02:28:00+00:00,111295.98,11.619948418012962,111449.94,111118.62
2025-09-09 02:29:00+00:00,111313.62,11.620106901744453,111449.94,111118.62
2025-09-09 02:30:00+00:00,111269.0,11.619705971962984,111449.94,111118.62
2025-09-09 02:31:00+00:00,111324.65,11.62020598623706,111449.94,111118.62
2025-09-09 02:32:00+00:00,111361.02,11.620532635009058,111449.94,111118.62
2025-09-09 02:33:00+00:00,111319.55,11.620160173231369,111449.94,111118.62
2025-09-09 02:34:00+00:00,111330.33,11.620257006878964,111449.94,111118.62
2025-09-09 02:35:00+00:00,111366.3,11.620580047243902,111449.94,111118.62
2025-09-09 02:36:00+00:00,111398.38,11.620868064179277,111449.94,111118.62
2025-09-09 02:37:00+00:00,111430.11,11.621152857207443,111449.94,111118.62
2025-09-09 02:38:00+00:00,111401.82,11.620898943864306,111449.94,111118.62
2025-09-09 02:39:00+00:00,111399.96,11.62088224740883,111449.94,111118.62
2025-09-09 02:40:00+00:00,111403.14,11.620910792792625,111449.94,111118.62
2025-09-09 02:41:00+00:00,111408.0,11.620954417182327,111449.94,111118.62
2025-09-09 02:42:00+00:00,111417.0,11.621035198064229,111449.94,111118.62
2025-09-09 02:43:00+00:00,111389.23,11.620785923166093,111449.94,111118.62
2025-09-09 02:44:00+00:00,111390.92,11.620801095074363,111449.94,111118.62
2025-09-09 02:45:00+00:00,111384.53,11.620743727891382,111449.94,111118.62
2025-09-09 02:46:00+00:00,111365.02,11.620568553575206,111449.94,111118.62
2025-09-09 02:47:00+00:00,111317.4,11.62014085927652,111449.94,111118.62
2025-09-09 02:48:00+00:00,111306.36,11.620041678488189,111449.94,111118.62
2025-09-09 02:49:00+00:00,111313.0,11.620101331880436,111449.94,111118.62
2025-09-09 02:50:00+00:00,111302.76,11.62000933479984,111449.94,111118.62
2025-09-09 02:51:00+00:00,111248.0,11.6195172223388,111449.94,111118.62
2025-09-09 02:52:00+00:00,111269.86,11.619713700950182,111449.94,111118.62
2025-09-09 02:53:00+00:00,111321.5,11.62017769021667,111449.94,111118.62
2025-09-09 02:54:00+00:00,111297.88,11.61996548946318,111449.94,111118.62
2025-09-09 02:55:00+00:00,111281.61,11.61981929450129,111449.94,111118.62
2025-09-09 02:56:00+00:00,111334.93,11.620298324505256,111449.94,111118.62
2025-09-09 02:57:00+00:00,111339.28,11.620337395037948,111449.94,111118.62
2025-09-09 02:58:00+00:00,111339.76,11.620341706175628,111449.94,111118.62
2025-09-09 02:59:00+00:00,111335.03,11.620299222695566,111449.94,111118.62
2025-09-09 03:00:00+00:00,111271.4,11.619727541080323,111759.64,111243.06
2025-09-09 03:01:00+00:00,111279.97,11.619804557007065,111759.64,111243.06
2025-09-09 03:02:00+00:00,111349.46,11.620428823100337,111759.64,111243.06
2025-09-09 03:03:00+00:00,111359.9,11.620522577579338,111759.64,111243.06
2025-09-09 03:04:00+00:00,111373.82,11.620647569879724,111759.64,111243.06
2025-09-09 03:05:00+00:00,111327.8,11.62023428145681,111759.64,111243.06
2025-09-09 03:06:00+00:00,111312.97,11.6201010623701,111759.64,111243.06
2025-09-09 03:07:00+00:00,111371.92,11.620630510069734,111759.64,111243.06
2025-09-09 03:08:00+00:00,111404.54,11.620923359684395,111759.64,111243.06
2025-09-09 03:09:00+00:00,111399.02,11.620873809309158,111759.64,111243.06
2025-09-09 03:10:00+00:00,111435.18,11.621198355544138,111759.64,111243.06
2025-09-09 03:11:00+00:00,111442.53,11.621264310995695,111759.64,111243.06
2025-09-09 03:12:00+00:00,111468.97,11.621501535186678,111759.64,111243.06
2025-09-09 03:13:00+00:00,111484.27,11.62163878369694,111759.64,111243.06
2025-09-09 03:14:00+00:00,111477.11,11.62157455732731,111759.64,111243.06
2025-09-09 03:15:00+00:00,111497.31,11.621755744030747,111759.64,111243.06
2025-09-09 03:16:00+00:00,111496.03,11.621744263867258,111759.64,111243.06
2025-09-09 03:17:00+00:00,111486.23,11.621656364497987,111759.64,111243.06
2025-09-09 03:18:00+00:00,111497.86,11.621760676873015,111759.64,111243.06
2025-09-09 03:19:00+00:00,111481.36,11.621612681019139,111759.64,111243.06
2025-09-09 03:20:00+00:00,111454.78,11.621374227082276,111759.64,111243.06
2025-09-09 03:21:00+00:00,111434.46,11.621191894367998,111759.64,111243.06
2025-09-09 03:22:00+00:00,111428.28,11.621136434222425,111759.64,111243.06
2025-09-09 03:23:00+00:00,111431.0,11.621160844244752,111759.64,111243.06
2025-09-09 03:24:00+00:00,111483.51,11.621631966568472,111759.64,111243.06
2025-09-09 03:25:00+00:00,111481.85,11.621617076363107,111759.64,111243.06
2025-09-09 03:26:00+00:00,111514.75,11.621912148128674,111759.64,111243.06
2025-09-09 03:27:00+00:00,111552.0,11.622246128879693,111759.64,111243.06
2025-09-09 03:28:00+00:00,111559.02,11.622309057192265,111759.64,111243.06
2025-09-09 03:29:00+00:00,111561.19,11.622328508590234,111759.64,111243.06
2025-09-09 03:30:00+00:00,111556.01,11.622282075594473,111759.64,111243.06
2025-09-09 03:31:00+00:00,111564.39,11.622357191989066,111759.64,111243.06
2025-09-09 03:32:00+00:00,111545.09,11.622184182755678,111759.64,111243.06
2025-09-09 03:33:00+00:00,111532.13,11.622067989806757,111759.64,111243.06
2025-09-09 03:34:00+00:00,111512.77,11.621894392472331,111759.64,111243.06
2025-09-09 03:35:00+00:00,111506.9,11.621841751375683,111759.64,111243.06
2025-09-09 03:36:00+00:00,111506.95,11.621842199778326,111759.64,111243.06
2025-09-09 03:37:00+00:00,111562.68,11.622341864400171,111759.64,111243.06
2025-09-09 03:38:00+00:00,111571.45,11.622420471827951,111759.64,111243.06
2025-09-09 03:39:00+00:00,111572.38,11.62242880725896,111759.64,111243.06
2025-09-09 03:40:00+00:00,111603.81,11.622710468131544,111759.64,111243.06
2025-09-09 03:41:00+00:00,111611.78,11.622781878914308,111759.64,111243.06
2025-09-09 03:42:00+00:00,111630.63,11.622950753637035,111759.64,111243.06
2025-09-09 03:43:00+00:00,111675.07,11.623348773039018,111759.64,111243.06
2025-09-09 03:44:00+00:00,111629.49,11.622940541334003,111759.64,111243.06
2025-09-09 03:45:00+00:00,111607.02,11.62273923017683,111759.64,111243.06
2025-09-09 03:46:00+00:00,111645.0,11.62307947346212,111759.64,111243.06
2025-09-09 03:47:00+00:00,111674.0,11.623339191624597,111759.64,111243.06
2025-09-09 03:48:00+00:00,111717.0,11.623724166852167,111759.64,111243.06
2025-09-09 03:49:00+00:00,111684.27,11.623431151505978,111759.64,111243.06
2025-09-09 03:50:00+00:00,111675.01,11.62334823576587,111759.64,111243.06
2025-09-09 03:51:00+00:00,111735.48,11.6238895711479,111759.64,111243.06
2025-09-09 03:52:00+00:00,111725.2,11.623797563909694,111759.64,111243.06
2025-09-09 03:53:00+00:00,111757.83,11.624089577135324,111759.64,111243.06
2025-09-09 03:54:00+00:00,111734.0,11.623876325491267,111759.64,111243.06
2025-09-09 03:55:00+00:00,111716.0,11.623715215622939,111759.64,111243.06
2025-09-09 03:56:00+00:00,111698.47,11.623558287559721,111759.64,111243.06
2025-09-09 03:57:00+00:00,111724.28,11.623789329386168,111759.64,111243.06
2025-09-09 03:58:00+00:00,111728.38,11.623826026197031,111759.64,111243.06
2025-09-09 03:59:00+00:00,111714.0,11.623697312924108,111759.64,111243.06
2025-09-09 04:00:00+00:00,111688.77,11.623471442850006,112101.42,111632.0
2025-09-09 04:01:00+00:00,111682.0,11.623410826145303,112101.42,111632.0
2025-09-09 04:02:00+00:00,111683.09,11.623420585951546,112101.42,111632.0
2025-09-09 04:03:00+00:00,111680.0,11.623392917996199,112101.42,111632.0
2025-09-09 04:04:00+00:00,111679.0,11.623383963801382,112101.42,111632.0
2025-09-09 04:05:00+00:00,111645.0,11.62307947346212,112101.42,111632.0
2025-09-09 04:06:00+00:00,111643.0,11.623061559378067,112101.42,111632.0
2025-09-09 04:07:00+00:00,111664.76,11.623256447366455,112101.42,111632.0
2025-09-09 04:08:00+00:00,111684.06,11.623429271203609,112101.42,111632.0
2025-09-09 04:09:00+00:00,111646.0,11.623088430383806,112101.42,111632.0
2025-09-09 04:10:00+00:00,111636.74,11.623005486220677,112101.42,111632.0
2025-09-09 04:11:00+00:00,111763.96,11.624144426373974,112101.42,111632.0
2025-09-09 04:12:00+00:00,111758.68,11.62409718283747,112101.42,111632.0
2025-09-09 04:13:00+00:00,111758.68,11.62409718283747,112101.42,111632.0
2025-09-09 04:14:00+00:00,111759.95,11.624108546543486,112101.42,111632.0
2025-09-09 04:15:00+00:00,111792.86,11.624402973620807,112101.42,111632.0
2025-09-09 04:16:00+00:00,111815.6113,11.62460646591201,112101.42,111632.0
2025-09-09 04:17:00+00:00,111904.01,11.62539672922541,112101.42,111632.0
2025-09-09 04:18:00+00:00,111871.0,11.625101700748017,112101.42,111632.0
2025-09-09 04:19:00+00:00,111958.47,11.62588327794116,112101.42,111632.0
2025-09-09 04:20:00+00:00,112087.08,11.627031348180683,112101.42,111632.0
2025-09-09 04:21:00+00:00,112047.03,11.626673972853686,112101.42,111632.0
2025-09-09 04:22:00+00:00,111995.0,11.626209506423567,112101.42,111632.0
2025-09-09 04:23:00+00:00,111947.24,11.625782967859658,112101.42,111632.0
2025-09-09 04:24:00+00:00,111936.39,11.625686042505995,112101.42,111632.0
2025-09-09 04:25:00+00:00,111944.63,11.62575965303362,112101.42,111632.0
2025-09-09 04:26:00+00:00,111920.84,11.62554711467217,112101.42,111632.0
2025-09-09 04:27:00+00:00,111941.0,11.625727225762605,112101.42,111632.0
2025-09-09 04:28:00+00:00,111941.6,11.625732585714651,112101.42,111632.0
2025-09-09 04:29:00+00:00,111967.45,11.625963483037602,112101.42,111632.0
2025-09-09 04:30:00+00:00,111990.2879,11.626167431338681,112101.42,111632.0
2025-09-09 04:31:00+00:00,112025.0,11.626477339654343,112101.42,111632.0
2025-09-09 04:32:00+00:00,111982.55,11.626098334567166,112101.42,111632.0
2025-09-09 04:33:00+00:00,112003.5,11.62628539978896,112101.42,111632.0
2025-09-09 04:34:00+00:00,111990.59,11.62617012889039,112101.42,111632.0
2025-09-09 04:35:00+00:00,111974.22,11.62602394521065,112101.42,111632.0
2025-09-09 04:36:00+00:00,111945.44,11.625766888727458,112101.42,111632.0
2025-09-09 04:37:00+00:00,111954.93,11.625851658574026,112101.42,111632.0
2025-09-09 04:38:00+00:00,111959.81,11.625895246593295,112101.42,111632.0
2025-09-09 04:39:00+00:00,111946.74,11.62577850145998,112101.42,111632.0
2025-09-09 04:40:00+00:00,111939.5,11.625713825756797,112101.42,111632.0
2025-09-09 04:41:00+00:00,111916.0,11.625503868886527,112101.42,111632.0
2025-09-09 04:42:00+00:00,111932.49,11.62565120068251,112101.42,111632.0
2025-09-09 04:43:00+00:00,111935.21,11.625675500749024,112101.42,111632.0
2025-09-09 04:44:00+00:00,111936.18,11.625684166438731,112101.42,111632.0
2025-09-09 04:45:00+00:00,111928.41,11.62561474947553,112101.42,111632.0
2025-09-09 04:46:00+00:00,111953.13,11.625835580546285,112101.42,111632.0
2025-09-09 04:47:00+00:00,111953.11,11.625835401900082,112101.42,111632.0
2025-09-09 04:48:00+00:00,111880.2,11.625183934943902,112101.42,111632.0
2025-09-09 04:49:00+00:00,111917.53,11.625517539760592,112101.42,111632.0
2025-09-09 04:50:00+00:00,111822.4,11.62466717741595,112101.42,111632.0
2025-09-09 04:51:00+00:00,111856.36,11.624970827170275,112101.42,111632.0
2025-09-09 04:52:00+00:00,111889.7,11.625268843593418,112101.42,111632.0
2025-09-09 04:53:00+00:00,112000.88,11.626262007389222,112101.42,111632.0
2025-09-09 04:54:00+00:00,112010.0,11.626343432005784,112101.42,111632.0
2025-09-09 04:55:00+00:00,112040.0,11.626611229374046,112101.42,111632.0
2025-09-09 04:56:00+00:00,112076.61,11.626937934300784,112101.42,111632.0
2025-09-09 04:57:00+00:00,112049.16,11.626692982547693,112101.42,111632.0
2025-09-09 04:58:00+00:00,112040.33,11.626614174746358,112101.42,111632.0
2025-09-09 04:59:00+00:00,112024.7,11.626474661677092,112101.42,111632.0
2025-09-09 05:00:00+00:00,112021.59,11.626446899557038,112251.84,111856.17
2025-09-09 05:01:00+00:00,112024.76,11.626475197273116,112251.84,111856.17
2025-09-09 05:02:00+00:00,112048.42,11.62668637828182,112251.84,111856.17
2025-09-09 05:03:00+00:00,112053.34,11.626730286906195,112251.84,111856.17
2025-09-09 05:04:00+00:00,112029.54,11.626517865501315,112251.84,111856.17
2025-09-09 05:05:00+00:00,112042.87,11.626636844897446,112251.84,111856.17
2025-09-09 05:06:00+00:00,112048.82,11.626689948160681,112251.84,111856.17
2025-09-09 05:07:00+00:00,112001.0,11.626263078808801,112251.84,111856.17
2025-09-09 05:08:00+00:00,111984.19,11.626112979598835,112251.84,111856.17
2025-09-09 05:09:00+00:00,111965.36,11.625944816724255,112251.84,111856.17
2025-09-09 05:10:00+00:00,111965.66,11.625947496120794,112251.84,111856.17
2025-09-09 05:11:00+00:00,111954.33,11.625846299260168,112251.84,111856.17
2025-09-09 05:12:00+00:00,111906.53,11.6254192482721,112251.84,111856.17
2025-09-09 05:13:00+00:00,111884.05,11.625218346160175,112251.84,111856.17
2025-09-09 05:14:00+00:00,111896.0,11.62532514745914,112251.84,111856.17
2025-09-09 05:15:00+00:00,111897.75,11.625340786859258,112251.84,111856.17
2025-09-09 05:16:00+00:00,111872.98,11.625119399548225,112251.84,111856.17
2025-09-09 05:17:00+00:00,111945.5,11.625767424702698,112251.84,111856.17
2025-09-09 05:18:00+00:00,111918.62,11.625527279027462,112251.84,111856.17
2025-09-09 05:19:00+00:00,111925.11,11.625585265909667,112251.84,111856.17
2025-09-09 05:20:00+00:00,111925.15,11.625585623291427,112251.84,111856.17
2025-09-09 05:21:00+00:00,111925.19,11.62558598067306,112251.84,111856.17
2025-09-09 05:22:00+00:00,111900.19,11.62536259224317,112251.84,111856.17
2025-09-09 05:23:00+00:00,111885.78,11.625233808476967,112251.84,111856.17
2025-09-09 05:24:00+00:00,111883.86,11.625216647972083,112251.84,111856.17
2025-09-09 05:25:00+00:00,111883.9,11.625217005485604,112251.84,111856.17
2025-09-09 05:26:00+00:00,111959.0,11.625888011828158,112251.84,111856.17
2025-09-09 05:27:00+00:00,111911.1,11.625460085090904,112251.84,111856.17
2025-09-09 05:28:00+00:00,111938.58,11.62570560699773,112251.84,111856.17
2025-09-09 05:29:00+00:00,111970.04,11.625986614492724,112251.84,111856.17
2025-09-09 05:30:00+00:00,111983.51,11.626106907294659,112251.84,111856.17
2025-09-09 05:31:00+00:00,111980.0,11.626075562902884,112251.84,111856.17
2025-09-09 05:32:00+00:00,112003.62,11.626286471183477,112251.84,111856.17
2025-09-09 05:33:00+00:00,112029.06,11.62651358090791,112251.84,111856.17
2025-09-09 05:34:00+00:00,112038.86,11.626601054384757,112251.84,111856.17
2025-09-09 05:35:00+00:00,112013.45,11.626374232352806,112251.84,111856.17
2025-09-09 05:36:00+00:00,111981.11,11.626085475338128,112251.84,111856.17
2025-09-09 05:37:00+00:00,111964.85,11.625940261733662,112251.84,111856.17
2025-09-09 05:38:00+00:00,111970.0,11.625986257254242,112251.84,111856.17
2025-09-09 05:39:00+00:00,111988.1,11.6261478946323,112251.84,111856.17
2025-09-09 05:40:00+00:00,111965.0,11.625941601438932,112251.84,111856.17
2025-09-09 05:41:00+00:00,111957.05,11.625870594586294,112251.84,111856.17
2025-09-09 05:42:00+00:00,111985.0,11.626120212736572,112251.84,111856.17
2025-09-09 05:43:00+00:00,111987.13,11.626139232960204,112251.84,111856.17
2025-09-09 05:44:00+00:00,111990.0,11.62616486057674,112251.84,111856.17
2025-09-09 05:45:00+00:00,112009.81,11.626341735727229,112251.84,111856.17
2025-09-09 05:46:00+00:00,112012.9,11.626369322216117,112251.84,111856.17
2025-09-09 05:47:00+00:00,112009.86,11.626342182116602,112251.84,111856.17
2025-09-09 05:48:00+00:00,112017.08,11.62640663865029,112251.84,111856.17
2025-09-09 05:49:00+00:00,112018.0,11.62641485164979,112251.84,111856.17
2025-09-09 05:50:00+00:00,112037.46,11.626588558642235,112251.84,111856.17
2025-09-09 05:51:00+00:00,112018.45,11.62641886885324,112251.84,111856.17
2025-09-09 05:52:00+00:00,112045.85,11.626663441506148,112251.84,111856.17
2025-09-09 05:53:00+00:00,112072.25,11.626899031582292,112251.84,111856.17
2025-09-09 05:54:00+00:00,112085.35,11.627015913633267,112251.84,111856.17
2025-09-09 05:55:00+00:00,112098.74,11.627135369032764,112251.84,111856.17
2025-09-09 05:56:00+00:00,112120.0,11.627325005278724,112251.84,111856.17
2025-09-09 05:57:00+00:00,112237.9,11.628376004693969,112251.84,111856.17
2025-09-09 05:58:00+00:00,112223.37,11.628246539151693,112251.84,111856.17
2025-09-09 05:59:00+00:00,112201.45,11.628051195338386,112251.84,111856.17
2025-09-09 06:00:00+00:00,112180.75,11.627866688723701,113162.59,112164.0
2025-09-09 06:01:00+00:00,112225.35,11.628264182379954,113162.59,112164.0
2025-09-09 06:02:00+00:00,112239.21,11.62838767626262,113162.59,112164.0
2025-09-09 06:03:00+00:00,112310.06,11.629018718192537,113162.59,112164.0
2025-09-09 06:04:00+00:00,112483.09,11.630558178217653,113162.59,112164.0
2025-09-09 06:05:00+00:00,112505.54,11.630757743858588,113162.59,112164.0
2025-09-09 06:06:00+00:00,112529.63,11.630971843726552,113162.59,112164.0
2025-09-09 06:07:00+00:00,112618.0,11.6317568398159,113162.59,112164.0
2025-09-09 06:08:00+00:00,112604.01,11.631632606842238,113162.59,112164.0
2025-09-09 06:09:00+00:00,112606.4,11.631653831438385,113162.59,112164.0
2025-09-09 06:10:00+00:00,112599.85,11.63159566253764,113162.59,112164.0
2025-09-09 06:11:00+00:00,112579.0,11.631410476406174,113162.59,112164.0
2025-09-09 06:12:00+00:00,112689.8,11.63239419016445,113162.59,112164.0
2025-09-09 06:13:00+00:00,112717.59,11.632640765932358,113162.59,112164.0
2025-09-09 06:14:00+00:00,112709.0,11.632564554869553,113162.59,112164.0
2025-09-09 06:15:00+00:00,112748.8,11.632917614292767,113162.59,112164.0
2025-09-09 06:16:00+00:00,112748.8,11.632917614292767,113162.59,112164.0
2025-09-09 06:17:00+00:00,112754.09,11.632964531651572,113162.59,112164.0
2025-09-09 06:18:00+00:00,112658.29,11.632114533920587,113162.59,112164.0
2025-09-09 06:19:00+00:00,112614.09,11.631722120074139,113162.59,112164.0
2025-09-09 06:20:00+00:00,112525.0,11.630930698161134,113162.59,112164.0
2025-09-09 06:21:00+00:00,112567.94,11.631312229456793,113162.59,112164.0
2025-09-09 06:22:00+00:00,112618.17,11.631758349342544,113162.59,112164.0
2025-09-09 06:23:00+00:00,112618.64,11.63176252272788,113162.59,112164.0
2025-09-09 06:24:00+00:00,112617.35,11.631751068075362,113162.59,112164.0
2025-09-09 06:25:00+00:00,112622.26,11.631794666090833,113162.59,112164.0
2025-09-09 06:26:00+00:00,112561.02,11.6312507535809,113162.59,112164.0
2025-09-09 06:27:00+00:00,112597.0,11.631570351348783,113162.59,112164.0
2025-09-09 06:28:00+00:00,112615.83,11.631737570952069,113162.59,112164.0
2025-09-09 06:29:00+00:00,112627.85,11.631844299806893,113162.59,112164.0
2025-09-09 06:30:00+00:00,112700.53,11.632489402767476,113162.59,112164.0
2025-09-09 06:31:00+00:00,112765.24,11.633063414527902,113162.59,112164.0
2025-09-09 06:32:00+00:00,112768.69,11.63309400859417,113162.59,112164.0
2025-09-09 06:33:00+00:00,112784.31,11.633232512626705,113162.59,112164.0
2025-09-09 06:34:00+00:00,112781.79,11.63321016884366,113162.59,112164.0
2025-09-09 06:35:00+00:00,112829.18,11.6336302725354,113162.59,112164.0
2025-09-09 06:36:00+00:00,112872.11,11.634010686847768,113162.59,112164.0
2025-09-09 06:37:00+00:00,112795.6,11.6333326101931,113162.59,112164.0
2025-09-09 06:38:00+00:00,112869.07,11.633983753348083,113162.59,112164.0
2025-09-09 06:39:00+00:00,112832.91,11.633663330812938,113162.59,112164.0
2025-09-09 06:40:00+00:00,112886.81,11.634140914260449,113162.59,112164.0
2025-09-09 06:41:00+00:00,112893.26,11.634198049507168,113162.59,112164.0
2025-09-09 06:42:00+00:00,112839.0,11.633717302971027,113162.59,112164.0
2025-09-09 06:43:00+00:00,112815.89,11.633512476919345,113162.59,112164.0
2025-09-09 06:44:00+00:00,112848.36,11.633800249574731,113162.59,112164.0
2025-09-09 06:45:00+00:00,112878.16,11.63406428589774,113162.59,112164.0
2025-09-09 06:46:00+00:00,112944.66,11.63465324322209,113162.59,112164.0
2025-09-09 06:47:00+00:00,113026.9,11.63538112246168,113162.59,112164.0
2025-09-09 06:48:00+00:00,113008.62,11.635219377970904,113162.59,112164.0
2025-09-09 06:49:00+00:00,112905.05,11.634302478986827,113162.59,112164.0
2025-09-09 06:50:00+00:00,112970.48,11.63488182462759,113162.59,112164.0
2025-09-09 06:51:00+00:00,113085.13,11.635896176891002,113162.59,112164.0
2025-09-09 06:52:00+00:00,113139.98,11.63638109212499,113162.59,112164.0
2025-09-09 06:53:00+00:00,113160.0,11.636558025415503,113162.59,112164.0
2025-09-09 06:54:00+00:00,113121.48,11.636217564496015,113162.59,112164.0
2025-09-09 06:55:00+00:00,113097.61,11.636006530139111,113162.59,112164.0
2025-09-09 06:56:00+00:00,113005.0,11.635187344503183,113162.59,112164.0
2025-09-09 06:57:00+00:00,113141.86,11.636397708571101,113162.59,112164.0
2025-09-09 06:58:00+00:00,113059.08,11.635665792923929,113162.59,112164.0
2025-09-09 06:59:00+00:00,113026.83,11.635380503139894,113162.59,112164.0
2025-09-09 07:00:00+00:00,113074.42,11.635801464993955,113292.95,112762.0
2025-09-09 07:01:00+00:00,113072.0,11.635780062930635,113292.95,112762.0
2025-09-09 07:02:00+00:00,113079.72,11.635848335681363,113292.95,112762.0
2025-09-09 07:03:00+00:00,113048.94,11.635576101280025,113292.95,112762.0
2025-09-09 07:04:00+00:00,113062.33,11.635694538543374,113292.95,112762.0
2025-09-09 07:05:00+00:00,113125.04,11.636249034593325,113292.95,112762.0
2025-09-09 07:06:00+00:00,113007.88,11.635212829776414,113292.95,112762.0
2025-09-09 07:07:00+00:00,112968.0,11.634859871749088,113292.95,112762.0
2025-09-09 07:08:00+00:00,113051.93,11.635602549652384,113292.95,112762.0
2025-09-09 07:09:00+00:00,113046.21,11.635551952155199,113292.95,112762.0
2025-09-09 07:10:00+00:00,113120.18,11.636206072359686,113292.95,112762.0
2025-09-09 07:11:00+00:00,113057.0,11.635647395293827,113292.95,112762.0
2025-09-09 07:12:00+00:00,113012.17,11.635250791010389,113292.95,112762.0
2025-09-09 07:13:00+00:00,112986.22,11.635021143355695,113292.95,112762.0
2025-09-09 07:14:00+00:00,112999.75,11.63514088530265,113292.95,112762.0
2025-09-09 07:15:00+00:00,113088.88,11.635929337199743,113292.95,112762.0
2025-09-09 07:16:00+00:00,113109.8,11.636114307333607,113292.95,112762.0
2025-09-09 07:17:00+00:00,113160.6153,11.636563462834443,113292.95,112762.0
2025-09-09 07:18:00+00:00,113184.0795,11.636770794401059,113292.95,112762.0
2025-09-09 07:19:00+00:00,113190.69,11.636829197552757,113292.95,112762.0
2025-09-09 07:20:00+00:00,113174.5,11.636686154357577,113292.95,112762.0
2025-09-09 07:21:00+00:00,113183.11,11.636762228672058,113292.95,112762.0
2025-09-09 07:22:00+00:00,113128.64,11.636280857280145,113292.95,112762.0
2025-09-09 07:23:00+00:00,113127.0,11.636266360403956,113292.95,112762.0
2025-09-09 07:24:00+00:00,113115.48,11.63616452276489,113292.95,112762.0
2025-09-09 07:25:00+00:00,113223.75,11.6371212283988,113292.95,112762.0
2025-09-09 07:26:00+00:00,113222.0,11.63710577215818,113292.95,112762.0
2025-09-09 07:27:00+00:00,113226.0,11.63714110035715,113292.95,112762.0
2025-09-09 07:28:00+00:00,113217.13,11.637062758391073,113292.95,112762.0
2025-09-09 07:29:00+00:00,113222.83,11.637113102862086,113292.95,112762.0
2025-09-09 07:30:00+00:00,113255.97,11.63740575718767,113292.95,112762.0
2025-09-09 07:31:00+00:00,113215.92,11.637052070905302,113292.95,112762.0
2025-09-09 07:32:00+00:00,113165.1,11.63660309332888,113292.95,112762.0
2025-09-09 07:33:00+00:00,113192.14,11.636842007711548,113292.95,112762.0
2025-09-09 07:34:00+00:00,113158.0,11.636540351169531,113292.95,112762.0
2025-09-09 07:35:00+00:00,113198.22,11.636895720245965,113292.95,112762.0
2025-09-09 07:36:00+00:00,113253.76,11.637386243677145,113292.95,112762.0
2025-09-09 07:37:00+00:00,113200.23,11.636913476551275,113292.95,112762.0
2025-09-09 07:38:00+00:00,113156.38,11.6365260348013,113292.95,112762.0
2025-09-09 07:39:00+00:00,113084.0,11.635886184369035,113292.95,112762.0
2025-09-09 07:40:00+00:00,113088.62,11.63592703812048,113292.95,112762.0
2025-09-09 07:41:00+00:00,113069.0,11.635753530811293,113292.95,112762.0
2025-09-09 07:42:00+00:00,113044.0,11.635532402436525,113292.95,112762.0
2025-09-09 07:43:00+00:00,112992.22,11.635074245766717,113292.95,112762.0
2025-09-09 07:44:00+00:00,112950.7079,11.634706789251455,113292.95,112762.0
2025-09-09 07:45:00+00:00,112842.1,11.633744775364598,113292.95,112762.0
2025-09-09 07:46:00+00:00,112816.38,11.6335168202697,113292.95,112762.0
2025-09-09 07:47:00+00:00,112852.8,11.63383959363482,113292.95,112762.0
2025-09-09 07:48:00+00:00,112930.0,11.634523436717716,113292.95,112762.0
2025-09-09 07:49:00+00:00,112989.0,11.635045747823389,113292.95,112762.0
2025-09-09 07:50:00+00:00,112986.5,11.635023621530936,113292.95,112762.0
2025-09-09 07:51:00+00:00,113011.0,11.635240438089491,113292.95,112762.0
2025-09-09 07:52:00+00:00,112990.66,11.63506043941112,113292.95,112762.0
2025-09-09 07:53:00+00:00,113016.96,11.635293174927902,113292.95,112762.0
2025-09-09 07:54:00+00:00,113012.62,11.635254772874502,113292.95,112762.0
2025-09-09 07:55:00+00:00,113040.68,11.635503032910025,113292.95,112762.0
2025-09-09 07:56:00+00:00,113010.4,11.63523512885771,113292.95,112762.0
2025-09-09 07:57:00+00:00,112988.14,11.635038136434025,113292.95,112762.0
2025-09-09 07:58:00+00:00,113002.19,11.635162478037651,113292.95,112762.0
2025-09-09 07:59:00+00:00,112999.93,11.635142478225259,113292.95,112762.0
2025-09-09 08:00:00+00:00,113113.02,11.63614277484188,113173.91,112897.59
2025-09-09 08:01:00+00:00,113054.0,11.63562085965425,113173.91,112897.59
2025-09-09 08:02:00+00:00,113016.0,11.6352846805915,113173.91,112897.59
2025-09-09 08:03:00+00:00,113014.36,11.635270169266562,113173.91,112897.59
2025-09-09 08:04:00+00:00,113023.16,11.63534803244613,113173.91,112897.59
2025-09-09 08:05:00+00:00,113105.08,11.636072577099055,113173.91,112897.59
2025-09-09 08:06:00+00:00,113053.46,11.635616083164345,113173.91,112897.59
2025-09-09 08:07:00+00:00,113038.22,11.635481270596072,113173.91,112897.59
2025-09-09 08:08:00+00:00,113048.48,11.635572032237574,113173.91,112897.59
2025-09-09 08:09:00+00:00,112991.43,11.635067254110462,113173.91,112897.59
2025-09-09 08:10:00+00:00,113029.0,11.635399701936935,113173.91,112897.59
2025-09-09 08:11:00+00:00,113032.17,11.63542774744338,113173.91,112897.59
2025-09-09 08:12:00+00:00,113047.0,11.635558940423444,113173.91,112897.59
2025-09-09 08:13:00+00:00,113005.67,11.635193273426806,113173.91,112897.59
2025-09-09 08:14:00+00:00,113038.15,11.635480651336305,113173.91,112897.59
2025-09-09 08:15:00+00:00,113052.84,11.635610599018172,113173.91,112897.59
2025-09-09 08:16:00+00:00,113008.36,11.635217077258806,113173.91,112897.59
2025-09-09 08:17:00+00:00,112977.84,11.634946972268454,113173.91,112897.59
2025-09-09 08:18:00+00:00,112940.0,11.634611983226828,113173.91,112897.59
2025-09-09 08:19:00+00:00,112920.64,11.63444055008073,113173.91,112897.59
2025-09-09 08:20:00+00:00,112920.0,11.634434882367426,113173.91,112897.59
2025-09-09 08:21:00+00:00,112898.59,11.634245261131511,113173.91,112897.59
2025-09-09 08:22:00+00:00,112974.2,11.63491475304175,113173.91,112897.59
2025-09-09 08:23:00+00:00,112975.14,11.634923073490928,113173.91,112897.59
2025-09-09 08:24:00+00:00,113002.57,11.635165840798683,113173.91,112897.59
2025-09-09 08:25:00+00:00,112974.98,11.634921657249148,113173.91,112897.59
2025-09-09 08:26:00+00:00,113064.0,11.635709309047988,113173.91,112897.59
2025-09-09 08:27:00+00:00,113058.9,11.635664200834702,113173.91,112897.59
2025-09-09 08:28:00+00:00,113080.03,11.635851077106395,113173.91,112897.59
2025-09-09 08:29:00+00:00,113077.66,11.63583011827895,113173.91,112897.59
2025-09-09 08:30:00+00:00,113124.74,11.636246382657045,113173.91,112897.59
2025-09-09 08:31:00+00:00,113146.9,11.636442253426099,113173.91,112897.59
2025-09-09 08:32:00+00:00,113136.0,11.636345913844021,113173.91,112897.59
2025-09-09 08:33:00+00:00,113119.15,11.636196966957897,113173.91,112897.59
2025-09-09 08:34:00+00:00,113078.0,11.635833125057555,113173.91,112897.59
2025-09-09 08:35:00+00:00,113039.9,11.635496132715414,113173.91,112897.59
2025-09-09 08:36:00+00:00,113018.0,11.635302377044246,113173.91,112897.59
2025-09-09 08:37:00+00:00,113060.86,11.635681536780929,113173.91,112897.59
2025-09-09 08:38:00+00:00,113057.96,11.63565588654978,113173.91,112897.59
2025-09-09 08:39:00+00:00,113076.51,11.635819948225485,113173.91,112897.59
2025-09-09 08:40:00+00:00,113051.0,11.635594323310514,113173.91,112897.59
2025-09-09 08:41:00+00:00,113057.27,11.635649783466851,113173.91,112897.59
2025-09-09 08:42:00+00:00,113057.0,11.635647395293827,113173.91,112897.59
2025-09-09 08:43:00+00:00,113059.4,11.63566862329852,113173.91,112897.59
2025-09-09 08:44:00+00:00,113044.0,11.635532402436525,113173.91,112897.59
2025-09-09 08:45:00+00:00,113035.49,11.63545711918103,113173.91,112897.59
2025-09-09 08:46:00+00:00,112996.48,11.635111946766814,113173.91,112897.59
2025-09-09 08:47:00+00:00,112948.0,11.634682814789402,113173.91,112897.59
2025-09-09 08:48:00+00:00,112939.0,11.63460312892873,113173.91,112897.59
2025-09-09 08:49:00+00:00,112938.79,11.63460126951617,113173.91,112897.59
2025-09-09 08:50:00+00:00,112917.0,11.6344083145331,113173.91,112897.59
2025-09-09 08:51:00+00:00,112928.24,11.634507851720684,113173.91,112897.59
2025-09-09 08:52:00+00:00,112927.2,11.634498642290085,113173.91,112897.59
2025-09-09 08:53:00+00:00,112924.99,11.634479071968451,113173.91,112897.59
2025-09-09 08:54:00+00:00,112934.2522,11.634561089422464,113173.91,112897.59
2025-09-09 08:55:00+00:00,112981.0,11.634974941964176,113173.91,112897.59
2025-09-09 08:56:00+00:00,112959.81,11.634787370714323,113173.91,112897.59
2025-09-09 08:57:00+00:00,112969.54,11.634873503835195,113173.91,112897.59
2025-09-09 08:58:00+00:00,112969.54,11.634873503835195,113173.91,112897.59
2025-09-09 08:59:00+00:00,113000.01,11.63514318619005,113173.91,112897.59
2025-09-09 09:00:00+00:00,112969.04,11.634869077853585,113064.52,112901.76
2025-09-09 09:01:00+00:00,112988.0,11.635036897365158,113064.52,112901.76
2025-09-09 09:02:00+00:00,112973.6,11.634909442080547,113064.52,112901.76
2025-09-09 09:03:00+00:00,112951.33,11.634712296948559,113064.52,112901.76
2025-09-09 09:04:00+00:00,112930.03,11.63452370236897,113064.52,112901.76
2025-09-09 09:05:00+00:00,112942.59,11.634634915494429,113064.52,112901.76
2025-09-09 09:06:00+00:00,112956.07,11.634754261045359,113064.52,112901.76
2025-09-09 09:07:00+00:00,112930.1,11.634524322221619,113064.52,112901.76
2025-09-09 09:08:00+00:00,112943.28,11.634641024774306,113064.52,112901.76
2025-09-09 09:09:00+00:00,112923.21,11.634463309168481,113064.52,112901.76
2025-09-09 09:10:00+00:00,112937.83,11.634592769300431,113064.52,112901.76
2025-09-09 09:11:00+00:00,112940.2,11.634613754077039,113064.52,112901.76
2025-09-09 09:12:00+00:00,112940.2,11.634613754077039,113064.52,112901.76
2025-09-09 09:13:00+00:00,112940.06,11.634612514482221,113064.52,112901.76
2025-09-09 09:14:00+00:00,112943.65,11.63464430074959,113064.52,112901.76
2025-09-09 09:15:00+00:00,112974.12,11.63491404491522,113064.52,112901.76
2025-09-09 09:16:00+00:00,113058.12,11.635657301752094,113064.52,112901.76
2025-09-09 09:17:00+00:00,112993.16,11.635082564888952,113064.52,112901.76
2025-09-09 09:18:00+00:00,112981.0,11.634974941964176,113064.52,112901.76
2025-09-09 09:19:00+00:00,113000.04,11.635143451676715,113064.52,112901.76
2025-09-09 09:20:00+00:00,113031.28,11.6354198735478,113064.52,112901.76
2025-09-09 09:21:00+00:00,113002.6,11.635166106279335,113064.52,112901.76
2025-09-09 09:22:00+00:00,112966.61,11.634847567304009,113064.52,112901.76
2025-09-09 09:23:00+00:00,112956.0,11.634753641335221,113064.52,112901.76
2025-09-09 09:24:00+00:00,112948.53,11.634687507203225,113064.52,112901.76
2025-09-09 09:25:00+00:00,112977.95,11.634947945910245,113064.52,112901.76
2025-09-09 09:26:00+00:00,112977.95,11.634947945910245,113064.52,112901.76
2025-09-09 09:27:00+00:00,112959.99,11.634788964200153,113064.52,112901.76
2025-09-09 09:28:00+00:00,112988.39,11.635040349053185,113064.52,112901.76
2025-09-09 09:29:00+00:00,113004.42,11.635182211973753,113064.52,112901.76
2025-09-09 09:30:00+00:00,112994.4,11.63509353894434,113064.52,112901.76
2025-09-09 09:31:00+00:00,112986.77,11.635026011194103,113064.52,112901.76
2025-09-09 09:32:00+00:00,112995.32,11.63510168090761,113064.52,112901.76
2025-09-09 09:33:00+00:00,112987.0,11.635028046828593,113064.52,112901.76
2025-09-09 09:34:00+00:00,112958.12,11.63477240952908,113064.52,112901.76
2025-09-09 09:35:00+00:00,112968.0,11.634859871749088,113064.52,112901.76
2025-09-09 09:36:00+00:00,112969.18,11.63487031713041,113064.52,112901.76
2025-09-09 09:37:00+00:00,112944.13,11.634648550647482,113064.52,112901.76
2025-09-09 09:38:00+00:00,112938.18,11.634595868345789,113064.52,112901.76
2025-09-09 09:39:00+00:00,112930.0,11.634523436717716,113064.52,112901.76
2025-09-09 09:40:00+00:00,112929.0,11.634514581635562,113064.52,112901.76
2025-09-09 09:41:00+00:00,112920.0,11.634434882367426,113064.52,112901.76
2025-09-09 09:42:00+00:00,112937.0,11.634585420097336,113064.52,112901.76
2025-09-09 09:43:00+00:00,112953.03,11.634727347565555,113064.52,112901.76
2025-09-09 09:44:00+00:00,112945.6,11.634661565847422,113064.52,112901.76
2025-09-09 09:45:00+00:00,112942.0,11.634629691587831,113064.52,112901.76
2025-09-09 09:46:00+00:00,112943.05,11.634638988351826,113064.52,112901.76
2025-09-09 09:47:00+00:00,112931.0,11.634532291721458,113064.52,112901.76
2025-09-09 09:48:00+00:00,112928.56,11.634510685374574,113064.52,112901.76
2025-09-09 09:49:00+00:00,112937.0,11.634585420097336,113064.52,112901.76
2025-09-09 09:50:00+00:00,112938.0,11.634594274552233,113064.52,112901.76
2025-09-09 09:51:00+00:00,112938.0,11.634594274552233,113064.52,112901.76
2025-09-09 09:52:00+00:00,112920.33,11.63443780478611,113064.52,112901.76
2025-09-09 09:53:00+00:00,112914.39,11.63438519994305,113064.52,112901.76
2025-09-09 09:54:00+00:00,112920.94,11.634443206810284,113064.52,112901.76
2025-09-09 09:55:00+00:00,112962.41,11.634810387485317,113064.52,112901.76
2025-09-09 09:56:00+00:00,112973.25,11.634906344006819,113064.52,112901.76
2025-09-09 09:57:00+00:00,112963.14,11.634816849791152,113064.52,112901.76
2025-09-09 09:58:00+00:00,112983.31,11.634995387670845,113064.52,112901.76
2025-09-09 09:59:00+00:00,112961.94,11.634806226800556,113064.52,112901.76
2025-09-09 10:00:00+00:00,112995.72,11.635105220870965,113049.12,112643.72
2025-09-09 10:01:00+00:00,113009.75,11.635229377158138,113049.12,112643.72
2025-09-09 10:02:00+00:00,112956.3,11.634756297233107,113049.12,112643.72
2025-09-09 10:03:00+00:00,112965.43,11.634837121685052,113049.12,112643.72
2025-09-09 10:04:00+00:00,112956.0,11.634753641335221,113049.12,112643.72
2025-09-09 10:05:00+00:00,112969.51,11.634873238276851,113049.12,112643.72
2025-09-09 10:06:00+00:00,112975.36,11.634925020820098,113049.12,112643.72
2025-09-09 10:07:00+00:00,113011.16,11.635241853879872,113049.12,112643.72
2025-09-09 10:08:00+00:00,113016.27,11.635287069630905,113049.12,112643.72
2025-09-09 10:09:00+00:00,113029.1,11.635400586665241,113049.12,112643.72
2025-09-09 10:10:00+00:00,113044.36,11.635535587032141,113049.12,112643.72
2025-09-09 10:11:00+00:00,113029.22,11.635401648338176,113049.12,112643.72
2025-09-09 10:12:00+00:00,113016.0,11.6352846805915,113049.12,112643.72
2025-09-09 10:13:00+00:00,113011.38,11.635243800588373,113049.12,112643.72
2025-09-09 10:14:00+00:00,112987.0,11.635028046828593,113049.12,112643.72
2025-09-09 10:15:00+00:00,112974.0,11.634912982724483,113049.12,112643.72
2025-09-09 10:16:00+00:00,112967.0,11.634851019645607,113049.12,112643.72
2025-09-09 10:17:00+00:00,113009.47,11.635226899492743,113049.12,112643.72
2025-09-09 10:18:00+00:00,112988.89,11.635044774276817,113049.12,112643.72
2025-09-09 10:19:00+00:00,112983.22,11.634994591092697,113049.12,112643.72
2025-09-09 10:20:00+00:00,112973.37,11.634907406204606,113049.12,112643.72
2025-09-09 10:21:00+00:00,112966.66,11.634848009912572,113049.12,112643.72
2025-09-09 10:22:00+00:00,112893.79,11.634202744196257,113049.12,112643.72
2025-09-09 10:23:00+00:00,112890.0,11.634169172255593,113049.12,112643.72
2025-09-09 10:24:00+00:00,112853.52,11.633845973606812,113049.12,112643.72
2025-09-09 10:25:00+00:00,112847.54,11.633792983160054,113049.12,112643.72
2025-09-09 10:26:00+00:00,112864.55,11.633943706145539,113049.12,112643.72
2025-09-09 10:27:00+00:00,112797.09,11.633345819840985,113049.12,112643.72
2025-09-09 10:28:00+00:00,112769.1,11.633097644348517,113049.12,112643.72
2025-09-09 10:29:00+00:00,112693.99,11.632431371187987,113049.12,112643.72
2025-09-09 10:30:00+00:00,112669.25,11.632211814528263,113049.12,112643.72
2025-09-09 10:31:00+00:00,112718.99,11.632653186276919,113049.12,112643.72
2025-09-09 10:32:00+00:00,112744.58,11.632880185256044,113049.12,112643.72
2025-09-09 10:33:00+00:00,112694.37,11.632434743145616,113049.12,112643.72
2025-09-09 10:34:00+00:00,112721.96,11.632679534639983,113049.12,112643.72
2025-09-09 10:35:00+00:00,112754.54,11.632968522629657,113049.12,112643.72
2025-09-09 10:36:00+00:00,112750.61,11.632933667549846,113049.12,112643.72
2025-09-09 10:37:00+00:00,112755.92,11.632980761529794,113049.12,112643.72
2025-09-09 10:38:00+00:00,112807.96,11.633442182932223,113049.12,112643.72
2025-09-09 10:39:00+00:00,112841.81,11.63374220539849,113049.12,112643.72
2025-09-09 10:40:00+00:00,112917.0,11.6344083145331,113049.12,112643.72
2025-09-09 10:41:00+00:00,112890.0,11.634169172255593,113049.12,112643.72
2025-09-09 10:42:00+00:00,112875.29,11.634038859929719,113049.12,112643.72
2025-09-09 10:43:00+00:00,112874.74,11.634033987283633,113049.12,112643.72
2025-09-09 10:44:00+00:00,112849.0,11.633805920886083,113049.12,112643.72
2025-09-09 10:45:00+00:00,112758.0,11.632999208284655,113049.12,112643.72
2025-09-09 10:46:00+00:00,112726.0,11.632715374396533,113049.12,112643.72
2025-09-09 10:47:00+00:00,112727.0,11.632724245425084,113049.12,112643.72
2025-09-09 10:48:00+00:00,112737.0,11.632812951382634,113049.12,112643.72
2025-09-09 10:49:00+00:00,112764.12,11.633053482339914,113049.12,112643.72
2025-09-09 10:50:00+00:00,112726.0,11.632715374396533,113049.12,112643.72
2025-09-09 10:51:00+00:00,112700.0,11.632484700027868,113049.12,112643.72
2025-09-09 10:52:00+00:00,112717.97,11.632644137183991,113049.12,112643.72
2025-09-09 10:53:00+00:00,112709.08,11.632565264661777,113049.12,112643.72
2025-09-09 10:54:00+00:00,112720.25,11.632664364455128,113049.12,112643.72
2025-09-09 10:55:00+00:00,112713.7056,11.632606303991393,113049.12,112643.72
2025-09-09 10:56:00+00:00,112713.21,11.63260190700092,113049.12,112643.72
2025-09-09 10:57:00+00:00,112719.25,11.632655492895351,113049.12,112643.72
2025-09-09 10:58:00+00:00,112741.0,11.632848431562522,113049.12,112643.72
2025-09-09 10:59:00+00:00,112732.16,11.632770018681764,113049.12,112643.72
2025-09-09 11:00:00+00:00,112734.82,11.632793614154593,112817.96,112430.0
2025-09-09 11:01:00+00:00,112724.1,11.632698519225476,112817.96,112430.0
2025-09-09 11:02:00+00:00,112714.4,11.632612464713882,112817.96,112430.0
2025-09-09 11:03:00+00:00,112719.37,11.63265655748668,112817.96,112430.0
2025-09-09 11:04:00+00:00,112810.79,11.633467269499718,112817.96,112430.0
2025-09-09 11:05:00+00:00,112764.56,11.633057384282674,112817.96,112430.0
2025-09-09 11:06:00+00:00,112796.0,11.633336156424432,112817.96,112430.0
2025-09-09 11:07:00+00:00,112814.64,11.633501396858504,112817.96,112430.0
2025-09-09 11:08:00+00:00,112765.0,11.633061286210209,112817.96,112430.0
2025-09-09 11:09:00+00:00,112772.0,11.633123360282331,112817.96,112430.0
2025-09-09 11:10:00+00:00,112791.55,11.633296703892583,112817.96,112430.0
2025-09-09 11:11:00+00:00,112771.0,11.633114492793649,112817.96,112430.0
2025-09-09 11:12:00+00:00,112771.0,11.633114492793649,112817.96,112430.0
2025-09-09 11:13:00+00:00,112771.0,11.633114492793649,112817.96,112430.0
2025-09-09 11:14:00+00:00,112773.0,11.633132227692384,112817.96,112430.0
2025-09-09 11:15:00+00:00,112766.0,11.633070154170712,112817.96,112430.0
2025-09-09 11:16:00+00:00,112733.0,11.632777469943857,112817.96,112430.0
2025-09-09 11:17:00+00:00,112673.0,11.632245097234906,112817.96,112430.0
2025-09-09 11:18:00+00:00,112667.55,11.632196726002999,112817.96,112430.0
2025-09-09 11:19:00+00:00,112653.35,11.632070683545162,112817.96,112430.0
2025-09-09 11:20:00+00:00,112661.24,11.632140718956569,112817.96,112430.0
2025-09-09 11:21:00+00:00,112654.18,11.632078051252758,112817.96,112430.0
2025-09-09 11:22:00+00:00,112667.17,11.632193353242688,112817.96,112430.0
2025-09-09 11:23:00+00:00,112707.63,11.632552399599554,112817.96,112430.0
2025-09-09 11:24:00+00:00,112679.59,11.632303583361042,112817.96,112430.0
2025-09-09 11:25:00+00:00,112676.4,11.632275272598143,112817.96,112430.0
2025-09-09 11:26:00+00:00,112678.8,11.632296572306338,112817.96,112430.0
2025-09-09 11:27:00+00:00,112671.0,11.632227346595881,112817.96,112430.0
2025-09-09 11:28:00+00:00,112716.68,11.632632692625668,112817.96,112430.0
2025-09-09 11:29:00+00:00,112698.01,11.63246704237419,112817.96,112430.0
2025-09-09 11:30:00+00:00,112673.27,11.632247493547034,112817.96,112430.0
2025-09-09 11:31:00+00:00,112644.92,11.631995849415244,112817.96,112430.0
2025-09-09 11:32:00+00:00,112631.79,11.631879281661615,112817.96,112430.0
2025-09-09 11:33:00+00:00,112666.74,11.632189536684407,112817.96,112430.0
2025-09-09 11:34:00+00:00,112634.0,11.631898902927675,112817.96,112430.0
2025-09-09 11:35:00+00:00,112620.0,11.63177459880861,112817.96,112430.0
2025-09-09 11:36:00+00:00,112640.59,11.631957409304288,112817.96,112430.0
2025-09-09 11:37:00+00:00,112635.01,11.63190786998444,112817.96,112430.0
2025-09-09 11:38:00+00:00,112619.0,11.631765719351677,112817.96,112430.0
2025-09-09 11:39:00+00:00,112597.74,11.631576923438343,112817.96,112430.0
2025-09-09 11:40:00+00:00,112639.58,11.631948442691735,112817.96,112430.0
2025-09-09 11:41:00+00:00,112620.0,11.63177459880861,112817.96,112430.0
2025-09-09 11:42:00+00:00,112575.45,11.631378942496893,112817.96,112430.0
2025-09-09 11:43:00+00:00,112580.96,11.631427886251158,112817.96,112430.0
2025-09-09 11:44:00+00:00,112603.13,11.631624791814705,112817.96,112430.0
2025-09-09 11:45:00+00:00,112653.75,11.632074234254395,112817.96,112430.0
2025-09-09 11:46:00+00:00,112636.95,11.631925093610496,112817.96,112430.0
2025-09-09 11:47:00+00:00,112610.0,11.631685800691072,112817.96,112430.0
2025-09-09 11:48:00+00:00,112602.0,11.631614756519328,112817.96,112430.0
2025-09-09 11:49:00+00:00,112603.65,11.631629409792902,112817.96,112430.0
2025-09-09 11:50:00+00:00,112585.48,11.63146803433007,112817.96,112430.0
2025-09-09 11:51:00+00:00,112565.15,11.631287444117595,112817.96,112430.0
2025-09-09 11:52:00+00:00,112570.1,11.631331417684601,112817.96,112430.0
2025-09-09 11:53:00+00:00,112565.32,11.63128895435297,112817.96,112430.0
2025-09-09 11:54:00+00:00,112562.24,11.631261592087771,112817.96,112430.0
2025-09-09 11:55:00+00:00,112553.88,11.631187319307982,112817.96,112430.0
2025-09-09 11:56:00+00:00,112547.67,11.631132144210328,112817.96,112430.0
2025-09-09 11:57:00+00:00,112612.08,11.63170427134901,112817.96,112430.0
2025-09-09 11:58:00+00:00,112524.68,11.630927854344604,112817.96,112430.0
2025-09-09 11:59:00+00:00,112430.7,11.630092310820661,112817.96,112430.0
2025-09-09 12:00:00+00:00,112452.6,11.63028707850745,112836.0,112399.76
2025-09-09 12:01:00+00:00,112517.3,11.630862266581799,112836.0,112399.76
2025-09-09 12:02:00+00:00,112485.13,11.630576314112583,112836.0,112399.76
2025-09-09 12:03:00+00:00,112504.23,11.63074609991975,112836.0,112399.76
2025-09-09 12:04:00+00:00,112561.15,11.631251908509356,112836.0,112399.76
2025-09-09 12:05:00+00:00,112633.81,11.631897216046625,112836.0,112399.76
2025-09-09 12:06:00+00:00,112675.35,11.632265953833146,112836.0,112399.76
2025-09-09 12:07:00+00:00,112672.81,11.632243410937743,112836.0,112399.76
2025-09-09 12:08:00+00:00,112714.0,11.63260891591524,112836.0,112399.76
2025-09-09 12:09:00+00:00,112684.0,11.632342720117787,112836.0,112399.76
2025-09-09 12:10:00+00:00,112727.95,11.632732672829317,112836.0,112399.76
2025-09-09 12:11:00+00:00,112727.55,11.632729124457244,112836.0,112399.76
2025-09-09 12:12:00+00:00,112708.57,11.632560739727726,112836.0,112399.76
2025-09-09 12:13:00+00:00,112760.79,11.633023951234014,112836.0,112399.76
2025-09-09 12:14:00+00:00,112738.0,11.632821821545622,112836.0,112399.76
2025-09-09 12:15:00+00:00,112769.59,11.633101989501004,112836.0,112399.76
2025-09-09 12:16:00+00:00,112789.98,11.633282784313263,112836.0,112399.76
2025-09-09 12:17:00+00:00,112763.68,11.63304958038193,112836.0,112399.76
2025-09-09 12:18:00+00:00,112695.15,11.632441664496707,112836.0,112399.76
2025-09-09 12:19:00+00:00,112745.54,11.632888700041525,112836.0,112399.76
2025-09-09 12:20:00+00:00,112822.0,11.633566634490146,112836.0,112399.76
2025-09-09 12:21:00+00:00,112796.73,11.633342628264193,112836.0,112399.76
2025-09-09 12:22:00+00:00,112807.39,11.633437130084532,112836.0,112399.76
2025-09-09 12:23:00+00:00,112819.65,11.633545805002326,112836.0,112399.76
2025-09-09 12:24:00+00:00,112753.29,11.632957436540096,112836.0,112399.76
2025-09-09 12:25:00+00:00,112751.0,11.632937126505194,112836.0,112399.76
2025-09-09 12:26:00+00:00,112753.12,11.63295592882242,112836.0,112399.76
2025-09-09 12:27:00+00:00,112813.49,11.633491203094101,112836.0,112399.76
2025-09-09 12:28:00+00:00,112785.0,11.633238630480237,112836.0,112399.76
2025-09-09 12:29:00+00:00,112798.0,11.633353887392454,112836.0,112399.76
2025-09-09 12:30:00+00:00,112787.0,11.633256363177559,112836.0,112399.76
2025-09-09 12:31:00+00:00,112785.62,11.633244127650038,112836.0,112399.76
2025-09-09 12:32:00+00:00,112778.0,11.633176563563215,112836.0,112399.76
2025-09-09 12:33:00+00:00,112749.0,11.632919388145993,112836.0,112399.76
2025-09-09 12:34:00+00:00,112682.0,11.632324971211562,112836.0,112399.76
2025-09-09 12:35:00+00:00,112710.92,11.632581589743845,112836.0,112399.76
2025-09-09 12:36:00+00:00,112677.75,11.632287253739827,112836.0,112399.76
2025-09-09 12:37:00+00:00,112684.16,11.632344140016675,112836.0,112399.76
2025-09-09 12:38:00+00:00,112812.05,11.633478438581713,112836.0,112399.76
2025-09-09 12:39:00+00:00,112736.62,11.632809580700068,112836.0,112399.76
2025-09-09 12:40:00+00:00,112694.0,11.63243145992386,112836.0,112399.76
2025-09-09 12:41:00+00:00,112607.0,11.631659159718142,112836.0,112399.76
2025-09-09 12:42:00+00:00,112663.0,11.632156340888768,112836.0,112399.76
2025-09-09 12:43:00+00:00,112629.0,11.631854510373188,112836.0,112399.76
2025-09-09 12:44:00+00:00,112625.0,11.631818994910638,112836.0,112399.76
2025-09-09 12:45:00+00:00,112678.0,11.632289472454016,112836.0,112399.76
2025-09-09 12:46:00+00:00,112697.15,11.632459411331892,112836.0,112399.76
2025-09-09 12:47:00+00:00,112694.0,11.63243145992386,112836.0,112399.76
2025-09-09 12:48:00+00:00,112666.31,11.632185720111561,112836.0,112399.76
2025-09-09 12:49:00+00:00,112642.89,11.631977828022963,112836.0,112399.76
2025-09-09 12:50:00+00:00,112596.0,11.63156147007805,112836.0,112399.76
2025-09-09 12:51:00+00:00,112614.0,11.631721320884305,112836.0,112399.76
2025-09-09 12:52:00+00:00,112616.26,11.631741389235689,112836.0,112399.76
2025-09-09 12:53:00+00:00,112686.0,11.632360468708992,112836.0,112399.76
2025-09-09 12:54:00+00:00,112711.66,11.632588155190838,112836.0,112399.76
2025-09-09 12:55:00+00:00,112714.59,11.632614150388825,112836.0,112399.76
2025-09-09 12:56:00+00:00,112685.93,11.63235984751362,112836.0,112399.76
2025-09-09 12:57:00+00:00,112664.0,11.632165216877887,112836.0,112399.76
2025-09-09 12:58:00+00:00,112646.61,11.632010852198526,112836.0,112399.76
2025-09-09 12:59:00+00:00,112691.76,11.632411582891699,112836.0,112399.76
2025-09-09 13:00:00+00:00,112689.63,11.632392681597318,112957.0,112512.0
2025-09-09 13:01:00+00:00,112667.0,11.632191844372551,112957.0,112512.0
2025-09-09 13:02:00+00:00,112671.63,11.632232938081168,112957.0,112512.0
2025-09-09 13:03:00+00:00,112642.0,11.631969926916057,112957.0,112512.0
2025-09-09 13:04:00+00:00,112570.89,11.6313384355093,112957.0,112512.0
2025-09-09 13:05:00+00:00,112539.62,11.631060616404353,112957.0,112512.0
2025-09-09 13:06:00+00:00,112599.4,11.631591666076726,112957.0,112512.0
2025-09-09 13:07:00+00:00,112677.82,11.632287874980296,112957.0,112512.0
2025-09-09 13:08:00+00:00,112652.5,11.632063138246183,112957.0,112512.0
2025-09-09 13:09:00+00:00,112646.08,11.632006147207877,112957.0,112512.0
2025-09-09 13:10:00+00:00,112581.35,11.63143135041885,112957.0,112512.0
2025-09-09 13:11:00+00:00,112544.0,11.631099535273709,112957.0,112512.0
2025-09-09 13:12:00+00:00,112602.13,11.631615911027462,112957.0,112512.0
2025-09-09 13:13:00+00:00,112691.98,11.632413535117712,112957.0,112512.0
2025-09-09 13:14:00+00:00,112770.0,11.633105625226333,112957.0,112512.0
2025-09-09 13:15:00+00:00,112727.9,11.632732229283496,112957.0,112512.0
2025-09-09 13:16:00+00:00,112688.52,11.632382831485407,112957.0,112512.0
2025-09-09 13:17:00+00:00,112708.4,11.632559231411825,112957.0,112512.0
2025-09-09 13:18:00+00:00,112665.0,11.632174092788222,112957.0,112512.0
2025-09-09 13:19:00+00:00,112604.7,11.631638734491565,112957.0,112512.0
2025-09-09 13:20:00+00:00,112679.0,11.632298347261543,112957.0,112512.0
2025-09-09 13:21:00+00:00,112709.58,11.632569700851752,112957.0,112512.0
2025-09-09 13:22:00+00:00,112686.4,11.632364018389433,112957.0,112512.0
2025-09-09 13:23:00+00:00,112632.0,11.631881146142364,112957.0,112512.0
2025-09-09 13:24:00+00:00,112686.4,11.632364018389433,112957.0,112512.0
2025-09-09 13:25:00+00:00,112757.46,11.632994419256,112957.0,112512.0
2025-09-09 13:26:00+00:00,112789.0,11.633274095560436,112957.0,112512.0
2025-09-09 13:27:00+00:00,112798.58,11.633359029314375,112957.0,112512.0
2025-09-09 13:28:00+00:00,112820.18,11.633550502754492,112957.0,112512.0
2025-09-09 13:29:00+00:00,112844.12,11.633762676324611,112957.0,112512.0
2025-09-09 13:30:00+00:00,112793.5,11.633313992272287,112957.0,112512.0
2025-09-09 13:31:00+00:00,112855.0,11.633859087865856,112957.0,112512.0
2025-09-09 13:32:00+00:00,112785.0,11.633238630480237,112957.0,112512.0
2025-09-09 13:33:00+00:00,112692.63,11.632419303035938,112957.0,112512.0
2025-09-09 13:34:00+00:00,112761.0,11.633025813581773,112957.0,112512.0
2025-09-09 13:35:00+00:00,112806.08,11.633425517302724,112957.0,112512.0
2025-09-09 13:36:00+00:00,112847.23,11.633790236087094,112957.0,112512.0
2025-09-09 13:37:00+00:00,112896.0,11.634222319926408,112957.0,112512.0
2025-09-09 13:38:00+00:00,112831.65,11.633652163795839,112957.0,112512.0
2025-09-09 13:39:00+00:00,112807.29,11.633436243617393,112957.0,112512.0
2025-09-09 13:40:00+00:00,112854.0,11.63385022689886,112957.0,112512.0
2025-09-09 13:41:00+00:00,112895.03,11.634213727911039,112957.0,112512.0
2025-09-09 13:42:00+00:00,112837.27,11.633701971274878,112957.0,112512.0
2025-09-09 13:43:00+00:00,112886.7,11.63413993983258,112957.0,112512.0
2025-09-09 13:44:00+00:00,112878.0,11.634062868439186,112957.0,112512.0
2025-09-09 13:45:00+00:00,112878.0,11.634062868439186,112957.0,112512.0
2025-09-09 13:46:00+00:00,112879.0,11.634071727522182,112957.0,112512.0
2025-09-09 13:47:00+00:00,112866.65,11.633962312346188,112957.0,112512.0
2025-09-09 13:48:00+00:00,112875.0,11.634036290719287,112957.0,112512.0
2025-09-09 13:49:00+00:00,112847.28,11.633790679163889,112957.0,112512.0
2025-09-09 13:50:00+00:00,112754.0,11.632963733454044,112957.0,112512.0
2025-09-09 13:51:00+00:00,112746.3,11.632895440861946,112957.0,112512.0
2025-09-09 13:52:00+00:00,112869.0,11.63398313316027,112957.0,112512.0
2025-09-09 13:53:00+00:00,112894.83,11.6342119563523,112957.0,112512.0
2025-09-09 13:54:00+00:00,112783.22,11.63322284811515,112957.0,112512.0
2025-09-09 13:55:00+00:00,112767.11,11.633079997514777,112957.0,112512.0
2025-09-09 13:56:00+00:00,112853.87,11.633849074967383,112957.0,112512.0
2025-09-09 13:57:00+00:00,112827.5,11.633615382659329,112957.0,112512.0
2025-09-09 13:58:00+00:00,112731.11,11.63276070452607,112957.0,112512.0
2025-09-09 13:59:00+00:00,112771.0,11.633114492793649,112957.0,112512.0
2025-09-09 14:00:00+00:00,112617.0,11.631747960201274,112954.0,112015.49
2025-09-09 14:01:00+00:00,112526.0,11.630939585035664,112954.0,112015.49
2025-09-09 14:02:00+00:00,112447.5999,11.630242613451367,112954.0,112015.49
2025-09-09 14:03:00+00:00,112223.08,11.628243955016368,112954.0,112015.49
2025-09-09 14:04:00+00:00,112368.34,11.629537504166686,112954.0,112015.49
2025-09-09 14:05:00+00:00,112356.0,11.62942768072689,112954.0,112015.49
2025-09-09 14:06:00+00:00,112172.01,11.627788775708462,112954.0,112015.49
2025-09-09 14:07:00+00:00,112079.03,11.626959526440961,112954.0,112015.49
2025-09-09 14:08:00+00:00,112103.28,11.62717586822185,112954.0,112015.49
2025-09-09 14:09:00+00:00,112180.96,11.627868560700875,112954.0,112015.49
2025-09-09 14:10:00+00:00,112298.57,11.628916406896574,112954.0,112015.49
2025-09-09 14:11:00+00:00,112404.0,11.62985480299713,112954.0,112015.49
2025-09-09 14:12:00+00:00,112443.43,11.630205529713502,112954.0,112015.49
2025-09-09 14:13:00+00:00,112445.4,11.630223049480936,112954.0,112015.49
2025-09-09 14:14:00+00:00,112436.64,11.630145141969919,112954.0,112015.49
2025-09-09 14:15:00+00:00,112372.99,11.629578885073355,112954.0,112015.49
2025-09-09 14:16:00+00:00,112354.38,11.629413262167319,112954.0,112015.49
2025-09-09 14:17:00+00:00,112297.6,11.628907769171361,112954.0,112015.49
2025-09-09 14:18:00+00:00,112295.03,11.628884883291267,112954.0,112015.49
2025-09-09 14:19:00+00:00,112371.0,11.629561176034727,112954.0,112015.49
2025-09-09 14:20:00+00:00,112236.79,11.628366114937577,112954.0,112015.49
2025-09-09 14:21:00+00:00,112196.67,11.628008592485914,112954.0,112015.49
2025-09-09 14:22:00+00:00,112256.98,11.628545986299304,112954.0,112015.49
2025-09-09 14:23:00+00:00,112262.0,11.628590704122276,112954.0,112015.49
2025-09-09 14:24:00+00:00,112242.1,11.628413424508656,112954.0,112015.49
2025-09-09 14:25:00+00:00,112228.65,11.628293587068669,112954.0,112015.49
2025-09-09 14:26:00+00:00,112204.0,11.628073922059151,112954.0,112015.49
2025-09-09 14:27:00+00:00,112282.49,11.628773206931024,112954.0,112015.49
2025-09-09 14:28:00+00:00,112222.8,11.62824145998282,112954.0,112015.49
2025-09-09 14:29:00+00:00,112329.52,11.629191973502653,112954.0,111570.0
2025-09-09 14:30:00+00:00,112233.11,11.628333326577087,112954.0,111570.0
2025-09-09 14:31:00+00:00,112148.47,11.627578897412139,112954.0,111570.0
2025-09-09 14:32:00+00:00,112099.37,11.6271409890623,112954.0,111570.0
2025-09-09 14:33:00+00:00,111889.82,11.62526991607762,112954.0,111570.0
2025-09-09 14:34:00+00:00,111662.8117,11.62323899945364,112954.0,111570.0
2025-09-09 14:35:00+00:00,111580.98,11.62250588429696,112954.0,111570.0
2025-09-09 14:36:00+00:00,111592.6735,11.622610677132739,112954.0,111570.0
2025-09-09 14:37:00+00:00,111622.93,11.622881773773932,112954.0,111570.0
2025-09-09 14:38:00+00:00,111753.68,11.624052442582382,112954.0,111570.0
2025-09-09 14:39:00+00:00,111832.75,11.62475973061678,112954.0,111570.0
2025-09-09 14:40:00+00:00,111802.0,11.624484728630785,112954.0,111570.0
2025-09-09 14:41:00+00:00,111719.79,11.623749140358099,112954.0,111570.0
2025-09-09 14:42:00+00:00,111662.6,11.623237103565497,112954.0,111570.0
2025-09-09 14:43:00+00:00,111585.82,11.622549259924524,112954.0,111570.0
2025-09-09 14:44:00+00:00,111577.29,11.62247281359785,112954.0,111570.0
2025-09-09 14:45:00+00:00,111646.8544,11.623096083114138,112954.0,111511.42
2025-09-09 14:46:00+00:00,111651.1,11.62313410943652,112954.0,111511.42
2025-09-09 14:47:00+00:00,111751.11,11.62402944531239,112954.0,111511.42
2025-09-09 14:48:00+00:00,111751.71,11.624034814372164,112954.0,111511.42
2025-09-09 14:49:00+00:00,111803.67,11.624499665640208,112954.0,111511.42
2025-09-09 14:50:00+00:00,111636.42,11.62300261977672,112954.0,111511.42
2025-09-09 14:51:00+00:00,111639.16,11.623027163437072,112954.0,111511.42
2025-09-09 14:52:00+00:00,111727.47,11.623817881411384,112954.0,111511.42
2025-09-09 14:53:00+00:00,111779.27,11.62428140211709,112954.0,111511.42
2025-09-09 14:54:00+00:00,111876.0,11.625146394084695,112954.0,111511.42
2025-09-09 14:55:00+00:00,111826.0,11.624699370805219,112954.0,111511.42
2025-09-09 14:56:00+00:00,111813.86,11.62459080339678,112954.0,111511.42
2025-09-09 14:57:00+00:00,111773.0,11.624225307853303,112954.0,111511.42
2025-09-09 14:58:00+00:00,111769.76,11.624196320110643,112954.0,111511.42
2025-09-09 14:59:00+00:00,111771.64,11.624213140261185,112954.0,111511.42
2025-09-09 15:00:00+00:00,111700.0,11.623571985057293,111840.0499,110814.43
2025-09-09 15:01:00+00:00,111662.21,11.62323361089489,111840.0499,110814.43
2025-09-09 15:02:00+00:00,111621.0,11.62286448327022,111840.0499,110814.43
2025-09-09 15:03:00+00:00,111569.0,11.622398512564176,111840.0499,110814.43
2025-09-09 15:04:00+00:00,111640.36,11.623037912295722,111840.0499,110814.43
2025-09-09 15:05:00+00:00,111565.0,11.622362659668603,111840.0499,110814.43
2025-09-09 15:06:00+00:00,111588.78,11.622575786240692,111840.0499,110814.43
2025-09-09 15:07:00+00:00,111586.77,11.622557773514835,111840.0499,110814.43
2025-09-09 15:08:00+00:00,111551.0,11.622237164410366,111840.0499,110814.43
2025-09-09 15:09:00+00:00,111527.91,11.622030152460358,111840.0499,110814.43
2025-09-09 15:10:00+00:00,111495.19,11.621736729938343,111840.0499,110814.43
2025-09-09 15:11:00+00:00,111417.6,11.621040583224344,111840.0499,110814.43
2025-09-09 15:12:00+00:00,111420.0,11.621062123574806,111840.0499,110814.43
2025-09-09 15:13:00+00:00,111446.62,11.621301010853005,111840.0499,110814.43
2025-09-09 15:14:00+00:00,111406.0,11.620936464989018,111840.0499,110814.43
2025-09-09 15:15:00+00:00,111467.24,11.621486015052016,111840.0499,110814.43
2025-09-09 15:16:00+00:00,111543.1,11.622166342277435,111840.0499,110814.43
2025-09-09 15:17:00+00:00,111514.63,11.621911072037264,111840.0499,110814.43
2025-09-09 15:18:00+00:00,111387.91,11.620774072758103,111840.0499,110814.43
2025-09-09 15:19:00+00:00,111400.0,11.620882606475321,111840.0499,110814.43
2025-09-09 15:20:00+00:00,111484.03,11.621636630924549,111840.0499,110814.43
2025-09-09 15:21:00+00:00,111534.65,11.622090583937537,111840.0499,110814.43
2025-09-09 15:22:00+00:00,111522.1,11.621978056520069,111840.0499,110814.43
2025-09-09 15:23:00+00:00,111472.16,11.621530152606892,111840.0499,110814.43
2025-09-09 15:24:00+00:00,111454.36,11.621370458730741,111840.0499,110814.43
2025-09-09 15:25:00+00:00,111417.85,11.6210428270325,111840.0499,110814.43
2025-09-09 15:26:00+00:00,111413.0,11.620999296255672,111840.0499,110814.43
2025-09-09 15:27:00+00:00,111363.8,11.620557598549269,111840.0499,110814.43
2025-09-09 15:28:00+00:00,111339.0,11.620334880199051,111840.0499,110814.43
2025-09-09 15:29:00+00:00,111311.88,11.620091270111958,111840.0499,110814.43
2025-09-09 15:30:00+00:00,111271.31,11.619726732246818,111840.0499,110814.43
2025-09-09 15:31:00+00:00,111199.49,11.619081074457167,111840.0499,110814.43
2025-09-09 15:32:00+00:00,111195.35,11.61904384337752,111840.0499,110814.43
2025-09-09 15:33:00+00:00,111242.91,11.619471467660544,111840.0499,110814.43
2025-09-09 15:34:00+00:00,111279.81,11.619803119191122,111840.0499,110814.43
2025-09-09 15:35:00+00:00,111167.75,11.618795600749658,111840.0499,110814.43
2025-09-09 15:36:00+00:00,111146.84,11.618607488938718,111840.0499,110814.43
2025-09-09 15:37:00+00:00,111009.02,11.617366738254216,111840.0499,110814.43
2025-09-09 15:38:00+00:00,110910.01,11.61647443076198,111840.0499,110814.43
2025-09-09 15:39:00+00:00,110916.53,11.616533215432217,111840.0499,110814.43
2025-09-09 15:40:00+00:00,110824.64,11.61570441124344,111840.0499,110814.43
2025-09-09 15:41:00+00:00,110870.01,11.616113712962118,111840.0499,110814.43
2025-09-09 15:42:00+00:00,110869.3,11.616107309045736,111840.0499,110814.43
